CNPJ_CIA,CD_CVM,DT_REFER,DT_INI_EXERC,DT_FIM_EXERC,DENOM_CIA,VERSAO,GRUPO_DFP,MOEDA,ESCALA_MOEDA,ORDEM_EXERC,CD_CONTA,DS_CONTA,VL_CONTA,COLUNA_DF,source_file
33.592.510/0001-54,4170,2015-12-31,2015-01-01,2015-12-31,VALE S.A.,1,DF Consolidado - Demonstração do Resultado,REAL,MIL,ÚLTIMO,3.01,Receita de Venda de Bens e/ou Serviços,85499184,NA,dfp_cia_aberta_DRE_con_2015.csv
33.592.510/0001-54,4170,2015-12-31,2015-01-01,2015-12-31,VALE S.A.,1,DF Consolidado - Demonstração do Resultado,REAL,MIL,ÚLTIMO,3.02,Custo dos Bens e/ou Serviços Vendidos,-68657734,NA,dfp_cia_aberta_DRE_con_2015.csv
33.592.510/0001-54,4170,2015-12-31,2015-01-01,2015-12-31,VALE S.A.,1,DF Consolidado - Demonstração do Resultado,REAL,MIL,ÚLTIMO,3.03,Resultado Bruto,16841450,NA,dfp_cia_aberta_DRE_con_2015.csv
33.592.510/0001-54,4170,2015-12-31,2015-01-01,2015-12-31,VALE S.A.,1,DF Consolidado - Demonstração do Resultado,REAL,MIL,ÚLTIMO,3.04,Despesas/Receitas Operacionais,-45178589,NA,dfp_cia_aberta_DRE_con_2015.csv
33.592.510/0001-54,4170,2015-12-31,2015-01-01,2015-12-31,VALE S.A.,1,DF Consolidado - Demonstração do Resultado,REAL,MIL,ÚLTIMO,3.04.01,Despesas com Vendas,0,NA,dfp_cia_aberta_DRE_con_2015.csv
33.592.510/0001-54,4170,2015-12-31,2015-01-01,2015-12-31,VALE S.A.,1,DF Consolidado - Demonstração do Resultado,REAL,MIL,ÚLTIMO,3.04.02,Despesas Gerais e Administrativas,-2142806,NA,dfp_cia_aberta_DRE_con_2015.csv
33.592.510/0001-54,4170,2015-12-31,2015-01-01,2015-12-31,VALE S.A.,1,DF Consolidado - Demonstração do Resultado,REAL,MIL,ÚLTIMO,3.04.03,Perdas pela Não Recuperabilidade de Ativos,-36279490,NA,dfp_cia_aberta_DRE_con_2015.csv
33.592.510/0001-54,4170,2015-12-31,2015-01-01,2015-12-31,VALE S.A.,1,DF Consolidado - Demonstração do Resultado,REAL,MIL,ÚLTIMO,3.04.04,Outras Receitas Operacionais,0,NA,dfp_cia_aberta_DRE_con_2015.csv
33.592.510/0001-54,4170,2015-12-31,2015-01-01,2015-12-31,VALE S.A.,1,DF Consolidado - Demonstração do Resultado,REAL,MIL,ÚLTIMO,3.04.05,Outras Despesas Operacionais,-5249843,NA,dfp_cia_aberta_DRE_con_2015.csv
33.592.510/0001-54,4170,2015-12-31,2015-01-01,2015-12-31,VALE S.A.,1,DF Consolidado - Demonstração do Resultado,REAL,MIL,ÚLTIMO,3.04.06,Resultado de Equivalência Patrimonial,-1506450,NA,dfp_cia_aberta_DRE_con_2015.csv
33.592.510/0001-54,4170,2015-12-31,2015-01-01,2015-12-31,VALE S.A.,1,DF Consolidado - Demonstração do Resultado,REAL,MIL,ÚLTIMO,3.05,Resultado Antes do Resultado Financeiro e dos Tributos,-28337139,NA,dfp_cia_aberta_DRE_con_2015.csv
33.592.510/0001-54,4170,2015-12-31,2015-01-01,2015-12-31,VALE S.A.,1,DF Consolidado - Demonstração do Resultado,REAL,MIL,ÚLTIMO,3.06,Resultado Financeiro,-36538435,NA,dfp_cia_aberta_DRE_con_2015.csv
33.592.510/0001-54,4170,2015-12-31,2015-01-01,2015-12-31,VALE S.A.,1,DF Consolidado - Demonstração do Resultado,REAL,MIL,ÚLTIMO,3.06.01,Receitas Financeiras,26167311,NA,dfp_cia_aberta_DRE_con_2015.csv
33.592.510/0001-54,4170,2015-12-31,2015-01-01,2015-12-31,VALE S.A.,1,DF Consolidado - Demonstração do Resultado,REAL,MIL,ÚLTIMO,3.06.02,Despesas Financeiras,-62705746,NA,dfp_cia_aberta_DRE_con_2015.csv
33.592.510/0001-54,4170,2015-12-31,2015-01-01,2015-12-31,VALE S.A.,1,DF Consolidado - Demonstração do Resultado,REAL,MIL,ÚLTIMO,3.07,Resultado Antes dos Tributos sobre o Lucro,-64875574,NA,dfp_cia_aberta_DRE_con_2015.csv
33.592.510/0001-54,4170,2015-12-31,2015-01-01,2015-12-31,VALE S.A.,1,DF Consolidado - Demonstração do Resultado,REAL,MIL,ÚLTIMO,3.08,Imposto de Renda e Contribuição Social sobre o Lucro,18878952,NA,dfp_cia_aberta_DRE_con_2015.csv
33.592.510/0001-54,4170,2015-12-31,2015-01-01,2015-12-31,VALE S.A.,1,DF Consolidado - Demonstração do Resultado,REAL,MIL,ÚLTIMO,3.08.01,Corrente,-1347423,NA,dfp_cia_aberta_DRE_con_2015.csv
33.592.510/0001-54,4170,2015-12-31,2015-01-01,2015-12-31,VALE S.A.,1,DF Consolidado - Demonstração do Resultado,REAL,MIL,ÚLTIMO,3.08.02,Diferido,20226375,NA,dfp_cia_aberta_DRE_con_2015.csv
33.592.510/0001-54,4170,2015-12-31,2015-01-01,2015-12-31,VALE S.A.,1,DF Consolidado - Demonstração do Resultado,REAL,MIL,ÚLTIMO,3.09,Resultado Líquido das Operações Continuadas,-45996622,NA,dfp_cia_aberta_DRE_con_2015.csv
33.592.510/0001-54,4170,2015-12-31,2015-01-01,2015-12-31,VALE S.A.,1,DF Consolidado - Demonstração do Resultado,REAL,MIL,ÚLTIMO,3.10,Resultado Líquido de Operações Descontinuadas,0,NA,dfp_cia_aberta_DRE_con_2015.csv
33.592.510/0001-54,4170,2015-12-31,2015-01-01,2015-12-31,VALE S.A.,1,DF Consolidado - Demonstração do Resultado,REAL,MIL,ÚLTIMO,3.10.01,Lucro/Prejuízo Líquido das Operações Descontinuadas,0,NA,dfp_cia_aberta_DRE_con_2015.csv
33.592.510/0001-54,4170,2015-12-31,2015-01-01,2015-12-31,VALE S.A.,1,DF Consolidado - Demonstração do Resultado,REAL,MIL,ÚLTIMO,3.10.02,Ganhos/Perdas Líquidas sobre Ativos de Operações Descontinuadas,0,NA,dfp_cia_aberta_DRE_con_2015.csv
33.592.510/0001-54,4170,2015-12-31,2015-01-01,2015-12-31,VALE S.A.,1,DF Consolidado - Demonstração do Resultado,REAL,MIL,ÚLTIMO,3.11,Lucro/Prejuízo Consolidado do Período,-45996622,NA,dfp_cia_aberta_DRE_con_2015.csv
33.592.510/0001-54,4170,2015-12-31,2015-01-01,2015-12-31,VALE S.A.,1,DF Consolidado - Demonstração do Resultado,REAL,MIL,ÚLTIMO,3.11.01,Atribuído a Sócios da Empresa Controladora,-44212187,NA,dfp_cia_aberta_DRE_con_2015.csv
33.592.510/0001-54,4170,2015-12-31,2015-01-01,2015-12-31,VALE S.A.,1,DF Consolidado - Demonstração do Resultado,REAL,MIL,ÚLTIMO,3.11.02,Atribuído a Sócios Não Controladores,-1784435,NA,dfp_cia_aberta_DRE_con_2015.csv
33.592.510/0001-54,4170,2015-12-31,2015-01-01,2015-12-31,VALE S.A.,1,DF Consolidado - Demonstração do Resultado,REAL,MIL,ÚLTIMO,3.99,Lucro por Ação - (Reais / Ação),0,NA,dfp_cia_aberta_DRE_con_2015.csv
33.592.510/0001-54,4170,2015-12-31,2015-01-01,2015-12-31,VALE S.A.,1,DF Consolidado - Demonstração do Resultado,REAL,MIL,ÚLTIMO,3.99.01,Lucro Básico por Ação,0,NA,dfp_cia_aberta_DRE_con_2015.csv
33.592.510/0001-54,4170,2015-12-31,2015-01-01,2015-12-31,VALE S.A.,1,DF Consolidado - Demonstração do Resultado,REAL,MIL,ÚLTIMO,3.99.01.01,PNA,-8.58,NA,dfp_cia_aberta_DRE_con_2015.csv
33.592.510/0001-54,4170,2015-12-31,2015-01-01,2015-12-31,VALE S.A.,1,DF Consolidado - Demonstração do Resultado,REAL,MIL,ÚLTIMO,3.99.01.02,ON,-8.58,NA,dfp_cia_aberta_DRE_con_2015.csv
33.592.510/0001-54,4170,2015-12-31,2015-01-01,2015-12-31,VALE S.A.,1,DF Consolidado - Demonstração do Resultado,REAL,MIL,ÚLTIMO,3.99.02,Lucro Diluído por Ação,0,NA,dfp_cia_aberta_DRE_con_2015.csv
33.592.510/0001-54,4170,2015-12-31,2015-01-01,2015-12-31,VALE S.A.,1,DF Consolidado - Demonstração do Resultado,REAL,MIL,ÚLTIMO,3.99.02.01,PNA,-8.58,NA,dfp_cia_aberta_DRE_con_2015.csv
33.592.510/0001-54,4170,2015-12-31,2015-01-01,2015-12-31,VALE S.A.,1,DF Consolidado - Demonstração do Resultado,REAL,MIL,ÚLTIMO,3.99.02.02,ON,8.58,NA,dfp_cia_aberta_DRE_con_2015.csv
33.592.510/0001-54,4170,2016-12-31,2016-01-01,2016-12-31,VALE S.A.,1,DF Consolidado - Demonstração do Resultado,REAL,MIL,ÚLTIMO,3.01,Receita de Venda de Bens e/ou Serviços,94633264,NA,dfp_cia_aberta_DRE_con_2016.csv
33.592.510/0001-54,4170,2016-12-31,2016-01-01,2016-12-31,VALE S.A.,1,DF Consolidado - Demonstração do Resultado,REAL,MIL,ÚLTIMO,3.02,Custo dos Bens e/ou Serviços Vendidos,-61143430,NA,dfp_cia_aberta_DRE_con_2016.csv
33.592.510/0001-54,4170,2016-12-31,2016-01-01,2016-12-31,VALE S.A.,1,DF Consolidado - Demonstração do Resultado,REAL,MIL,ÚLTIMO,3.03,Resultado Bruto,33489834,NA,dfp_cia_aberta_DRE_con_2016.csv
33.592.510/0001-54,4170,2016-12-31,2016-01-01,2016-12-31,VALE S.A.,1,DF Consolidado - Demonstração do Resultado,REAL,MIL,ÚLTIMO,3.04,Despesas/Receitas Operacionais,-8417100,NA,dfp_cia_aberta_DRE_con_2016.csv
33.592.510/0001-54,4170,2016-12-31,2016-01-01,2016-12-31,VALE S.A.,1,DF Consolidado - Demonstração do Resultado,REAL,MIL,ÚLTIMO,3.04.01,Despesas com Vendas,0,NA,dfp_cia_aberta_DRE_con_2016.csv
33.592.510/0001-54,4170,2016-12-31,2016-01-01,2016-12-31,VALE S.A.,1,DF Consolidado - Demonstração do Resultado,REAL,MIL,ÚLTIMO,3.04.02,Despesas Gerais e Administrativas,-1754530,NA,dfp_cia_aberta_DRE_con_2016.csv
33.592.510/0001-54,4170,2016-12-31,2016-01-01,2016-12-31,VALE S.A.,1,DF Consolidado - Demonstração do Resultado,REAL,MIL,ÚLTIMO,3.04.03,Perdas pela Não Recuperabilidade de Ativos,-4167168,NA,dfp_cia_aberta_DRE_con_2016.csv
33.592.510/0001-54,4170,2016-12-31,2016-01-01,2016-12-31,VALE S.A.,1,DF Consolidado - Demonstração do Resultado,REAL,MIL,ÚLTIMO,3.04.04,Outras Receitas Operacionais,0,NA,dfp_cia_aberta_DRE_con_2016.csv
33.592.510/0001-54,4170,2016-12-31,2016-01-01,2016-12-31,VALE S.A.,1,DF Consolidado - Demonstração do Resultado,REAL,MIL,ÚLTIMO,3.04.05,Outras Despesas Operacionais,-3606417,NA,dfp_cia_aberta_DRE_con_2016.csv
33.592.510/0001-54,4170,2016-12-31,2016-01-01,2016-12-31,VALE S.A.,1,DF Consolidado - Demonstração do Resultado,REAL,MIL,ÚLTIMO,3.04.06,Resultado de Equivalência Patrimonial,1111015,NA,dfp_cia_aberta_DRE_con_2016.csv
33.592.510/0001-54,4170,2016-12-31,2016-01-01,2016-12-31,VALE S.A.,1,DF Consolidado - Demonstração do Resultado,REAL,MIL,ÚLTIMO,3.05,Resultado Antes do Resultado Financeiro e dos Tributos,25072734,NA,dfp_cia_aberta_DRE_con_2016.csv
33.592.510/0001-54,4170,2016-12-31,2016-01-01,2016-12-31,VALE S.A.,1,DF Consolidado - Demonstração do Resultado,REAL,MIL,ÚLTIMO,3.06,Resultado Financeiro,1949222,NA,dfp_cia_aberta_DRE_con_2016.csv
33.592.510/0001-54,4170,2016-12-31,2016-01-01,2016-12-31,VALE S.A.,1,DF Consolidado - Demonstração do Resultado,REAL,MIL,ÚLTIMO,3.06.01,Receitas Financeiras,27657490,NA,dfp_cia_aberta_DRE_con_2016.csv
33.592.510/0001-54,4170,2016-12-31,2016-01-01,2016-12-31,VALE S.A.,1,DF Consolidado - Demonstração do Resultado,REAL,MIL,ÚLTIMO,3.06.02,Despesas Financeiras,-25708268,NA,dfp_cia_aberta_DRE_con_2016.csv
33.592.510/0001-54,4170,2016-12-31,2016-01-01,2016-12-31,VALE S.A.,1,DF Consolidado - Demonstração do Resultado,REAL,MIL,ÚLTIMO,3.06.02.01,Despesas financeiras,-21355167,NA,dfp_cia_aberta_DRE_con_2016.csv
33.592.510/0001-54,4170,2016-12-31,2016-01-01,2016-12-31,VALE S.A.,1,DF Consolidado - Demonstração do Resultado,REAL,MIL,ÚLTIMO,3.06.02.02,Resultado de alienação/baixa de participação JV/coligadas,-4353101,NA,dfp_cia_aberta_DRE_con_2016.csv
33.592.510/0001-54,4170,2016-12-31,2016-01-01,2016-12-31,VALE S.A.,1,DF Consolidado - Demonstração do Resultado,REAL,MIL,ÚLTIMO,3.07,Resultado Antes dos Tributos sobre o Lucro,27021956,NA,dfp_cia_aberta_DRE_con_2016.csv
33.592.510/0001-54,4170,2016-12-31,2016-01-01,2016-12-31,VALE S.A.,1,DF Consolidado - Demonstração do Resultado,REAL,MIL,ÚLTIMO,3.08,Imposto de Renda e Contribuição Social sobre o Lucro,-9566080,NA,dfp_cia_aberta_DRE_con_2016.csv
33.592.510/0001-54,4170,2016-12-31,2016-01-01,2016-12-31,VALE S.A.,1,DF Consolidado - Demonstração do Resultado,REAL,MIL,ÚLTIMO,3.08.01,Corrente,-3306500,NA,dfp_cia_aberta_DRE_con_2016.csv
33.592.510/0001-54,4170,2016-12-31,2016-01-01,2016-12-31,VALE S.A.,1,DF Consolidado - Demonstração do Resultado,REAL,MIL,ÚLTIMO,3.08.02,Diferido,-6259580,NA,dfp_cia_aberta_DRE_con_2016.csv
33.592.510/0001-54,4170,2016-12-31,2016-01-01,2016-12-31,VALE S.A.,1,DF Consolidado - Demonstração do Resultado,REAL,MIL,ÚLTIMO,3.09,Resultado Líquido das Operações Continuadas,17455876,NA,dfp_cia_aberta_DRE_con_2016.csv
33.592.510/0001-54,4170,2016-12-31,2016-01-01,2016-12-31,VALE S.A.,1,DF Consolidado - Demonstração do Resultado,REAL,MIL,ÚLTIMO,3.10,Resultado Líquido de Operações Descontinuadas,-4159380,NA,dfp_cia_aberta_DRE_con_2016.csv
33.592.510/0001-54,4170,2016-12-31,2016-01-01,2016-12-31,VALE S.A.,1,DF Consolidado - Demonstração do Resultado,REAL,MIL,ÚLTIMO,3.10.01,Lucro/Prejuízo Líquido das Operações Descontinuadas,-4159380,NA,dfp_cia_aberta_DRE_con_2016.csv
33.592.510/0001-54,4170,2016-12-31,2016-01-01,2016-12-31,VALE S.A.,1,DF Consolidado - Demonstração do Resultado,REAL,MIL,ÚLTIMO,3.10.02,Ganhos/Perdas Líquidas sobre Ativos de Operações Descontinuadas,0,NA,dfp_cia_aberta_DRE_con_2016.csv
33.592.510/0001-54,4170,2016-12-31,2016-01-01,2016-12-31,VALE S.A.,1,DF Consolidado - Demonstração do Resultado,REAL,MIL,ÚLTIMO,3.11,Lucro/Prejuízo Consolidado do Período,13296496,NA,dfp_cia_aberta_DRE_con_2016.csv
33.592.510/0001-54,4170,2016-12-31,2016-01-01,2016-12-31,VALE S.A.,1,DF Consolidado - Demonstração do Resultado,REAL,MIL,ÚLTIMO,3.11.01,Atribuído a Sócios da Empresa Controladora,13311455,NA,dfp_cia_aberta_DRE_con_2016.csv
33.592.510/0001-54,4170,2016-12-31,2016-01-01,2016-12-31,VALE S.A.,1,DF Consolidado - Demonstração do Resultado,REAL,MIL,ÚLTIMO,3.11.02,Atribuído a Sócios Não Controladores,-14959,NA,dfp_cia_aberta_DRE_con_2016.csv
33.592.510/0001-54,4170,2016-12-31,2016-01-01,2016-12-31,VALE S.A.,1,DF Consolidado - Demonstração do Resultado,REAL,MIL,ÚLTIMO,3.99,Lucro por Ação - (Reais / Ação),0,NA,dfp_cia_aberta_DRE_con_2016.csv
33.592.510/0001-54,4170,2016-12-31,2016-01-01,2016-12-31,VALE S.A.,1,DF Consolidado - Demonstração do Resultado,REAL,MIL,ÚLTIMO,3.99.01,Lucro Básico por Ação,0,NA,dfp_cia_aberta_DRE_con_2016.csv
33.592.510/0001-54,4170,2016-12-31,2016-01-01,2016-12-31,VALE S.A.,1,DF Consolidado - Demonstração do Resultado,REAL,MIL,ÚLTIMO,3.99.01.01,PNA,2.58,NA,dfp_cia_aberta_DRE_con_2016.csv
33.592.510/0001-54,4170,2016-12-31,2016-01-01,2016-12-31,VALE S.A.,1,DF Consolidado - Demonstração do Resultado,REAL,MIL,ÚLTIMO,3.99.01.02,ON,2.58,NA,dfp_cia_aberta_DRE_con_2016.csv
33.592.510/0001-54,4170,2016-12-31,2016-01-01,2016-12-31,VALE S.A.,1,DF Consolidado - Demonstração do Resultado,REAL,MIL,ÚLTIMO,3.99.02,Lucro Diluído por Ação,0,NA,dfp_cia_aberta_DRE_con_2016.csv
33.592.510/0001-54,4170,2016-12-31,2016-01-01,2016-12-31,VALE S.A.,1,DF Consolidado - Demonstração do Resultado,REAL,MIL,ÚLTIMO,3.99.02.01,PNA,2.58,NA,dfp_cia_aberta_DRE_con_2016.csv
33.592.510/0001-54,4170,2016-12-31,2016-01-01,2016-12-31,VALE S.A.,1,DF Consolidado - Demonstração do Resultado,REAL,MIL,ÚLTIMO,3.99.02.02,ON,2.58,NA,dfp_cia_aberta_DRE_con_2016.csv
33.592.510/0001-54,4170,2017-12-31,2017-01-01,2017-12-31,VALE S.A.,1,DF Consolidado - Demonstração do Resultado,REAL,MIL,ÚLTIMO,3.01,Receita de Venda de Bens e/ou Serviços,108532022,NA,dfp_cia_aberta_DRE_con_2017.csv
33.592.510/0001-54,4170,2017-12-31,2017-01-01,2017-12-31,VALE S.A.,1,DF Consolidado - Demonstração do Resultado,REAL,MIL,ÚLTIMO,3.02,Custo dos Bens e/ou Serviços Vendidos,-67257311,NA,dfp_cia_aberta_DRE_con_2017.csv
33.592.510/0001-54,4170,2017-12-31,2017-01-01,2017-12-31,VALE S.A.,1,DF Consolidado - Demonstração do Resultado,REAL,MIL,ÚLTIMO,3.03,Resultado Bruto,41274711,NA,dfp_cia_aberta_DRE_con_2017.csv
33.592.510/0001-54,4170,2017-12-31,2017-01-01,2017-12-31,VALE S.A.,1,DF Consolidado - Demonstração do Resultado,REAL,MIL,ÚLTIMO,3.04,Despesas/Receitas Operacionais,-6741033,NA,dfp_cia_aberta_DRE_con_2017.csv
33.592.510/0001-54,4170,2017-12-31,2017-01-01,2017-12-31,VALE S.A.,1,DF Consolidado - Demonstração do Resultado,REAL,MIL,ÚLTIMO,3.04.01,Despesas com Vendas,0,NA,dfp_cia_aberta_DRE_con_2017.csv
33.592.510/0001-54,4170,2017-12-31,2017-01-01,2017-12-31,VALE S.A.,1,DF Consolidado - Demonstração do Resultado,REAL,MIL,ÚLTIMO,3.04.02,Despesas Gerais e Administrativas,-1697525,NA,dfp_cia_aberta_DRE_con_2017.csv
33.592.510/0001-54,4170,2017-12-31,2017-01-01,2017-12-31,VALE S.A.,1,DF Consolidado - Demonstração do Resultado,REAL,MIL,ÚLTIMO,3.04.03,Perdas pela Não Recuperabilidade de Ativos,-1603866,NA,dfp_cia_aberta_DRE_con_2017.csv
33.592.510/0001-54,4170,2017-12-31,2017-01-01,2017-12-31,VALE S.A.,1,DF Consolidado - Demonstração do Resultado,REAL,MIL,ÚLTIMO,3.04.04,Outras Receitas Operacionais,666955,NA,dfp_cia_aberta_DRE_con_2017.csv
33.592.510/0001-54,4170,2017-12-31,2017-01-01,2017-12-31,VALE S.A.,1,DF Consolidado - Demonstração do Resultado,REAL,MIL,ÚLTIMO,3.04.05,Outras Despesas Operacionais,-4408415,NA,dfp_cia_aberta_DRE_con_2017.csv
33.592.510/0001-54,4170,2017-12-31,2017-01-01,2017-12-31,VALE S.A.,1,DF Consolidado - Demonstração do Resultado,REAL,MIL,ÚLTIMO,3.04.06,Resultado de Equivalência Patrimonial,301818,NA,dfp_cia_aberta_DRE_con_2017.csv
33.592.510/0001-54,4170,2017-12-31,2017-01-01,2017-12-31,VALE S.A.,1,DF Consolidado - Demonstração do Resultado,REAL,MIL,ÚLTIMO,3.05,Resultado Antes do Resultado Financeiro e dos Tributos,34533678,NA,dfp_cia_aberta_DRE_con_2017.csv
33.592.510/0001-54,4170,2017-12-31,2017-01-01,2017-12-31,VALE S.A.,1,DF Consolidado - Demonstração do Resultado,REAL,MIL,ÚLTIMO,3.06,Resultado Financeiro,-9649530,NA,dfp_cia_aberta_DRE_con_2017.csv
33.592.510/0001-54,4170,2017-12-31,2017-01-01,2017-12-31,VALE S.A.,1,DF Consolidado - Demonstração do Resultado,REAL,MIL,ÚLTIMO,3.06.01,Receitas Financeiras,11073606,NA,dfp_cia_aberta_DRE_con_2017.csv
33.592.510/0001-54,4170,2017-12-31,2017-01-01,2017-12-31,VALE S.A.,1,DF Consolidado - Demonstração do Resultado,REAL,MIL,ÚLTIMO,3.06.02,Despesas Financeiras,-20723136,NA,dfp_cia_aberta_DRE_con_2017.csv
33.592.510/0001-54,4170,2017-12-31,2017-01-01,2017-12-31,VALE S.A.,1,DF Consolidado - Demonstração do Resultado,REAL,MIL,ÚLTIMO,3.06.02.01,Despesas financeiras,0,NA,dfp_cia_aberta_DRE_con_2017.csv
33.592.510/0001-54,4170,2017-12-31,2017-01-01,2017-12-31,VALE S.A.,1,DF Consolidado - Demonstração do Resultado,REAL,MIL,ÚLTIMO,3.06.02.02,Resultado de alienação/baixa de participação JV/coligadas,0,NA,dfp_cia_aberta_DRE_con_2017.csv
33.592.510/0001-54,4170,2017-12-31,2017-01-01,2017-12-31,VALE S.A.,1,DF Consolidado - Demonstração do Resultado,REAL,MIL,ÚLTIMO,3.07,Resultado Antes dos Tributos sobre o Lucro,24884148,NA,dfp_cia_aberta_DRE_con_2017.csv
33.592.510/0001-54,4170,2017-12-31,2017-01-01,2017-12-31,VALE S.A.,1,DF Consolidado - Demonstração do Resultado,REAL,MIL,ÚLTIMO,3.08,Imposto de Renda e Contribuição Social sobre o Lucro,-4606567,NA,dfp_cia_aberta_DRE_con_2017.csv
33.592.510/0001-54,4170,2017-12-31,2017-01-01,2017-12-31,VALE S.A.,1,DF Consolidado - Demonstração do Resultado,REAL,MIL,ÚLTIMO,3.08.01,Corrente,-2663967,NA,dfp_cia_aberta_DRE_con_2017.csv
33.592.510/0001-54,4170,2017-12-31,2017-01-01,2017-12-31,VALE S.A.,1,DF Consolidado - Demonstração do Resultado,REAL,MIL,ÚLTIMO,3.08.02,Diferido,-1942600,NA,dfp_cia_aberta_DRE_con_2017.csv
33.592.510/0001-54,4170,2017-12-31,2017-01-01,2017-12-31,VALE S.A.,1,DF Consolidado - Demonstração do Resultado,REAL,MIL,ÚLTIMO,3.09,Resultado Líquido das Operações Continuadas,20277581,NA,dfp_cia_aberta_DRE_con_2017.csv
33.592.510/0001-54,4170,2017-12-31,2017-01-01,2017-12-31,VALE S.A.,1,DF Consolidado - Demonstração do Resultado,REAL,MIL,ÚLTIMO,3.10,Resultado Líquido de Operações Descontinuadas,-2607589,NA,dfp_cia_aberta_DRE_con_2017.csv
33.592.510/0001-54,4170,2017-12-31,2017-01-01,2017-12-31,VALE S.A.,1,DF Consolidado - Demonstração do Resultado,REAL,MIL,ÚLTIMO,3.10.01,Lucro/Prejuízo Líquido das Operações Descontinuadas,-2607589,NA,dfp_cia_aberta_DRE_con_2017.csv
33.592.510/0001-54,4170,2017-12-31,2017-01-01,2017-12-31,VALE S.A.,1,DF Consolidado - Demonstração do Resultado,REAL,MIL,ÚLTIMO,3.10.02,Ganhos/Perdas Líquidas sobre Ativos de Operações Descontinuadas,0,NA,dfp_cia_aberta_DRE_con_2017.csv
33.592.510/0001-54,4170,2017-12-31,2017-01-01,2017-12-31,VALE S.A.,1,DF Consolidado - Demonstração do Resultado,REAL,MIL,ÚLTIMO,3.11,Lucro/Prejuízo Consolidado do Período,17669992,NA,dfp_cia_aberta_DRE_con_2017.csv
33.592.510/0001-54,4170,2017-12-31,2017-01-01,2017-12-31,VALE S.A.,1,DF Consolidado - Demonstração do Resultado,REAL,MIL,ÚLTIMO,3.11.01,Atribuído a Sócios da Empresa Controladora,17627201,NA,dfp_cia_aberta_DRE_con_2017.csv
33.592.510/0001-54,4170,2017-12-31,2017-01-01,2017-12-31,VALE S.A.,1,DF Consolidado - Demonstração do Resultado,REAL,MIL,ÚLTIMO,3.11.02,Atribuído a Sócios Não Controladores,42791,NA,dfp_cia_aberta_DRE_con_2017.csv
33.592.510/0001-54,4170,2017-12-31,2017-01-01,2017-12-31,VALE S.A.,1,DF Consolidado - Demonstração do Resultado,REAL,MIL,ÚLTIMO,3.99,Lucro por Ação - (Reais / Ação),0,NA,dfp_cia_aberta_DRE_con_2017.csv
33.592.510/0001-54,4170,2017-12-31,2017-01-01,2017-12-31,VALE S.A.,1,DF Consolidado - Demonstração do Resultado,REAL,MIL,ÚLTIMO,3.99.01,Lucro Básico por Ação,0,NA,dfp_cia_aberta_DRE_con_2017.csv
33.592.510/0001-54,4170,2017-12-31,2017-01-01,2017-12-31,VALE S.A.,1,DF Consolidado - Demonstração do Resultado,REAL,MIL,ÚLTIMO,3.99.01.01,PNA,3.3899999999999997,NA,dfp_cia_aberta_DRE_con_2017.csv
33.592.510/0001-54,4170,2017-12-31,2017-01-01,2017-12-31,VALE S.A.,1,DF Consolidado - Demonstração do Resultado,REAL,MIL,ÚLTIMO,3.99.01.02,ON,3.3899999999999997,NA,dfp_cia_aberta_DRE_con_2017.csv
33.592.510/0001-54,4170,2017-12-31,2017-01-01,2017-12-31,VALE S.A.,1,DF Consolidado - Demonstração do Resultado,REAL,MIL,ÚLTIMO,3.99.02,Lucro Diluído por Ação,0,NA,dfp_cia_aberta_DRE_con_2017.csv
33.592.510/0001-54,4170,2017-12-31,2017-01-01,2017-12-31,VALE S.A.,1,DF Consolidado - Demonstração do Resultado,REAL,MIL,ÚLTIMO,3.99.02.01,PNA,3.3899999999999997,NA,dfp_cia_aberta_DRE_con_2017.csv
33.592.510/0001-54,4170,2017-12-31,2017-01-01,2017-12-31,VALE S.A.,1,DF Consolidado - Demonstração do Resultado,REAL,MIL,ÚLTIMO,3.99.02.02,ON,3.3899999999999997,NA,dfp_cia_aberta_DRE_con_2017.csv
33.592.510/0001-54,4170,2018-12-31,2018-01-01,2018-12-31,VALE S.A.,2,DF Consolidado - Demonstração do Resultado,REAL,MIL,ÚLTIMO,3.01,Receita de Venda de Bens e/ou Serviços,134483126,NA,dfp_cia_aberta_DRE_con_2018.csv
33.592.510/0001-54,4170,2018-12-31,2018-01-01,2018-12-31,VALE S.A.,2,DF Consolidado - Demonstração do Resultado,REAL,MIL,ÚLTIMO,3.02,Custo dos Bens e/ou Serviços Vendidos,-81200904,NA,dfp_cia_aberta_DRE_con_2018.csv
33.592.510/0001-54,4170,2018-12-31,2018-01-01,2018-12-31,VALE S.A.,2,DF Consolidado - Demonstração do Resultado,REAL,MIL,ÚLTIMO,3.03,Resultado Bruto,53282222,NA,dfp_cia_aberta_DRE_con_2018.csv
33.592.510/0001-54,4170,2018-12-31,2018-01-01,2018-12-31,VALE S.A.,2,DF Consolidado - Demonstração do Resultado,REAL,MIL,ÚLTIMO,3.04,Despesas/Receitas Operacionais,-10106478,NA,dfp_cia_aberta_DRE_con_2018.csv
33.592.510/0001-54,4170,2018-12-31,2018-01-01,2018-12-31,VALE S.A.,2,DF Consolidado - Demonstração do Resultado,REAL,MIL,ÚLTIMO,3.04.01,Despesas com Vendas,0,NA,dfp_cia_aberta_DRE_con_2018.csv
33.592.510/0001-54,4170,2018-12-31,2018-01-01,2018-12-31,VALE S.A.,2,DF Consolidado - Demonstração do Resultado,REAL,MIL,ÚLTIMO,3.04.02,Despesas Gerais e Administrativas,-1916765,NA,dfp_cia_aberta_DRE_con_2018.csv
33.592.510/0001-54,4170,2018-12-31,2018-01-01,2018-12-31,VALE S.A.,2,DF Consolidado - Demonstração do Resultado,REAL,MIL,ÚLTIMO,3.04.03,Perdas pela Não Recuperabilidade de Ativos,-3523458,NA,dfp_cia_aberta_DRE_con_2018.csv
33.592.510/0001-54,4170,2018-12-31,2018-01-01,2018-12-31,VALE S.A.,2,DF Consolidado - Demonstração do Resultado,REAL,MIL,ÚLTIMO,3.04.04,Outras Receitas Operacionais,0,NA,dfp_cia_aberta_DRE_con_2018.csv
33.592.510/0001-54,4170,2018-12-31,2018-01-01,2018-12-31,VALE S.A.,2,DF Consolidado - Demonstração do Resultado,REAL,MIL,ÚLTIMO,3.04.05,Outras Despesas Operacionais,-3972769,NA,dfp_cia_aberta_DRE_con_2018.csv
33.592.510/0001-54,4170,2018-12-31,2018-01-01,2018-12-31,VALE S.A.,2,DF Consolidado - Demonstração do Resultado,REAL,MIL,ÚLTIMO,3.04.06,Resultado de Equivalência Patrimonial,-693486,NA,dfp_cia_aberta_DRE_con_2018.csv
33.592.510/0001-54,4170,2018-12-31,2018-01-01,2018-12-31,VALE S.A.,2,DF Consolidado - Demonstração do Resultado,REAL,MIL,ÚLTIMO,3.05,Resultado Antes do Resultado Financeiro e dos Tributos,43175744,NA,dfp_cia_aberta_DRE_con_2018.csv
33.592.510/0001-54,4170,2018-12-31,2018-01-01,2018-12-31,VALE S.A.,2,DF Consolidado - Demonstração do Resultado,REAL,MIL,ÚLTIMO,3.06,Resultado Financeiro,-18057519,NA,dfp_cia_aberta_DRE_con_2018.csv
33.592.510/0001-54,4170,2018-12-31,2018-01-01,2018-12-31,VALE S.A.,2,DF Consolidado - Demonstração do Resultado,REAL,MIL,ÚLTIMO,3.06.01,Receitas Financeiras,1549087,NA,dfp_cia_aberta_DRE_con_2018.csv
33.592.510/0001-54,4170,2018-12-31,2018-01-01,2018-12-31,VALE S.A.,2,DF Consolidado - Demonstração do Resultado,REAL,MIL,ÚLTIMO,3.06.02,Despesas Financeiras,-19606606,NA,dfp_cia_aberta_DRE_con_2018.csv
33.592.510/0001-54,4170,2018-12-31,2018-01-01,2018-12-31,VALE S.A.,2,DF Consolidado - Demonstração do Resultado,REAL,MIL,ÚLTIMO,3.06.02.01,Despesas financeiras,0,NA,dfp_cia_aberta_DRE_con_2018.csv
33.592.510/0001-54,4170,2018-12-31,2018-01-01,2018-12-31,VALE S.A.,2,DF Consolidado - Demonstração do Resultado,REAL,MIL,ÚLTIMO,3.06.02.02,Resultado de alienação/baixa de participação JV/coligadas,0,NA,dfp_cia_aberta_DRE_con_2018.csv
33.592.510/0001-54,4170,2018-12-31,2018-01-01,2018-12-31,VALE S.A.,2,DF Consolidado - Demonstração do Resultado,REAL,MIL,ÚLTIMO,3.07,Resultado Antes dos Tributos sobre o Lucro,25118225,NA,dfp_cia_aberta_DRE_con_2018.csv
33.592.510/0001-54,4170,2018-12-31,2018-01-01,2018-12-31,VALE S.A.,2,DF Consolidado - Demonstração do Resultado,REAL,MIL,ÚLTIMO,3.08,Imposto de Renda e Contribuição Social sobre o Lucro,965980,NA,dfp_cia_aberta_DRE_con_2018.csv
33.592.510/0001-54,4170,2018-12-31,2018-01-01,2018-12-31,VALE S.A.,2,DF Consolidado - Demonstração do Resultado,REAL,MIL,ÚLTIMO,3.08.01,Corrente,-2806055,NA,dfp_cia_aberta_DRE_con_2018.csv
33.592.510/0001-54,4170,2018-12-31,2018-01-01,2018-12-31,VALE S.A.,2,DF Consolidado - Demonstração do Resultado,REAL,MIL,ÚLTIMO,3.08.02,Diferido,3772035,NA,dfp_cia_aberta_DRE_con_2018.csv
33.592.510/0001-54,4170,2018-12-31,2018-01-01,2018-12-31,VALE S.A.,2,DF Consolidado - Demonstração do Resultado,REAL,MIL,ÚLTIMO,3.09,Resultado Líquido das Operações Continuadas,26084205,NA,dfp_cia_aberta_DRE_con_2018.csv
33.592.510/0001-54,4170,2018-12-31,2018-01-01,2018-12-31,VALE S.A.,2,DF Consolidado - Demonstração do Resultado,REAL,MIL,ÚLTIMO,3.10,Resultado Líquido de Operações Descontinuadas,-310437,NA,dfp_cia_aberta_DRE_con_2018.csv
33.592.510/0001-54,4170,2018-12-31,2018-01-01,2018-12-31,VALE S.A.,2,DF Consolidado - Demonstração do Resultado,REAL,MIL,ÚLTIMO,3.10.01,Lucro/Prejuízo Líquido das Operações Descontinuadas,-310437,NA,dfp_cia_aberta_DRE_con_2018.csv
33.592.510/0001-54,4170,2018-12-31,2018-01-01,2018-12-31,VALE S.A.,2,DF Consolidado - Demonstração do Resultado,REAL,MIL,ÚLTIMO,3.10.02,Ganhos/Perdas Líquidas sobre Ativos de Operações Descontinuadas,0,NA,dfp_cia_aberta_DRE_con_2018.csv
33.592.510/0001-54,4170,2018-12-31,2018-01-01,2018-12-31,VALE S.A.,2,DF Consolidado - Demonstração do Resultado,REAL,MIL,ÚLTIMO,3.11,Lucro/Prejuízo Consolidado do Período,25773768,NA,dfp_cia_aberta_DRE_con_2018.csv
33.592.510/0001-54,4170,2018-12-31,2018-01-01,2018-12-31,VALE S.A.,2,DF Consolidado - Demonstração do Resultado,REAL,MIL,ÚLTIMO,3.11.01,Atribuído a Sócios da Empresa Controladora,25656526,NA,dfp_cia_aberta_DRE_con_2018.csv
33.592.510/0001-54,4170,2018-12-31,2018-01-01,2018-12-31,VALE S.A.,2,DF Consolidado - Demonstração do Resultado,REAL,MIL,ÚLTIMO,3.11.02,Atribuído a Sócios Não Controladores,117242,NA,dfp_cia_aberta_DRE_con_2018.csv
33.592.510/0001-54,4170,2018-12-31,2018-01-01,2018-12-31,VALE S.A.,2,DF Consolidado - Demonstração do Resultado,REAL,MIL,ÚLTIMO,3.99,Lucro por Ação - (Reais / Ação),0,NA,dfp_cia_aberta_DRE_con_2018.csv
33.592.510/0001-54,4170,2018-12-31,2018-01-01,2018-12-31,VALE S.A.,2,DF Consolidado - Demonstração do Resultado,REAL,MIL,ÚLTIMO,3.99.01,Lucro Básico por Ação,0,NA,dfp_cia_aberta_DRE_con_2018.csv
33.592.510/0001-54,4170,2018-12-31,2018-01-01,2018-12-31,VALE S.A.,2,DF Consolidado - Demonstração do Resultado,REAL,MIL,ÚLTIMO,3.99.01.01,PNA,0,NA,dfp_cia_aberta_DRE_con_2018.csv
33.592.510/0001-54,4170,2018-12-31,2018-01-01,2018-12-31,VALE S.A.,2,DF Consolidado - Demonstração do Resultado,REAL,MIL,ÚLTIMO,3.99.01.02,ON,4.95,NA,dfp_cia_aberta_DRE_con_2018.csv
33.592.510/0001-54,4170,2018-12-31,2018-01-01,2018-12-31,VALE S.A.,2,DF Consolidado - Demonstração do Resultado,REAL,MIL,ÚLTIMO,3.99.02,Lucro Diluído por Ação,0,NA,dfp_cia_aberta_DRE_con_2018.csv
33.592.510/0001-54,4170,2018-12-31,2018-01-01,2018-12-31,VALE S.A.,2,DF Consolidado - Demonstração do Resultado,REAL,MIL,ÚLTIMO,3.99.02.01,PNA,0,NA,dfp_cia_aberta_DRE_con_2018.csv
33.592.510/0001-54,4170,2018-12-31,2018-01-01,2018-12-31,VALE S.A.,2,DF Consolidado - Demonstração do Resultado,REAL,MIL,ÚLTIMO,3.99.02.02,ON,4.95,NA,dfp_cia_aberta_DRE_con_2018.csv
33.592.510/0001-54,4170,2019-12-31,2019-01-01,2019-12-31,VALE S.A.,2,DF Consolidado - Demonstração do Resultado,REAL,MIL,ÚLTIMO,3.01,Receita de Venda de Bens e/ou Serviços,148639921,NA,dfp_cia_aberta_DRE_con_2019.csv
33.592.510/0001-54,4170,2019-12-31,2019-01-01,2019-12-31,VALE S.A.,2,DF Consolidado - Demonstração do Resultado,REAL,MIL,ÚLTIMO,3.02,Custo dos Bens e/ou Serviços Vendidos,-83835563,NA,dfp_cia_aberta_DRE_con_2019.csv
33.592.510/0001-54,4170,2019-12-31,2019-01-01,2019-12-31,VALE S.A.,2,DF Consolidado - Demonstração do Resultado,REAL,MIL,ÚLTIMO,3.03,Resultado Bruto,64804358,NA,dfp_cia_aberta_DRE_con_2019.csv
33.592.510/0001-54,4170,2019-12-31,2019-01-01,2019-12-31,VALE S.A.,2,DF Consolidado - Demonstração do Resultado,REAL,MIL,ÚLTIMO,3.04,Despesas/Receitas Operacionais,-62564583,NA,dfp_cia_aberta_DRE_con_2019.csv
33.592.510/0001-54,4170,2019-12-31,2019-01-01,2019-12-31,VALE S.A.,2,DF Consolidado - Demonstração do Resultado,REAL,MIL,ÚLTIMO,3.04.01,Despesas com Vendas,0,NA,dfp_cia_aberta_DRE_con_2019.csv
33.592.510/0001-54,4170,2019-12-31,2019-01-01,2019-12-31,VALE S.A.,2,DF Consolidado - Demonstração do Resultado,REAL,MIL,ÚLTIMO,3.04.02,Despesas Gerais e Administrativas,-1924308,NA,dfp_cia_aberta_DRE_con_2019.csv
33.592.510/0001-54,4170,2019-12-31,2019-01-01,2019-12-31,VALE S.A.,2,DF Consolidado - Demonstração do Resultado,REAL,MIL,ÚLTIMO,3.04.03,Perdas pela Não Recuperabilidade de Ativos,-20762371,NA,dfp_cia_aberta_DRE_con_2019.csv
33.592.510/0001-54,4170,2019-12-31,2019-01-01,2019-12-31,VALE S.A.,2,DF Consolidado - Demonstração do Resultado,REAL,MIL,ÚLTIMO,3.04.04,Outras Receitas Operacionais,0,NA,dfp_cia_aberta_DRE_con_2019.csv
33.592.510/0001-54,4170,2019-12-31,2019-01-01,2019-12-31,VALE S.A.,2,DF Consolidado - Demonstração do Resultado,REAL,MIL,ÚLTIMO,3.04.05,Outras Despesas Operacionais,-37194001,NA,dfp_cia_aberta_DRE_con_2019.csv
33.592.510/0001-54,4170,2019-12-31,2019-01-01,2019-12-31,VALE S.A.,2,DF Consolidado - Demonstração do Resultado,REAL,MIL,ÚLTIMO,3.04.05.01,Evento Brumadinho,-28817722,NA,dfp_cia_aberta_DRE_con_2019.csv
33.592.510/0001-54,4170,2019-12-31,2019-01-01,2019-12-31,VALE S.A.,2,DF Consolidado - Demonstração do Resultado,REAL,MIL,ÚLTIMO,3.04.05.02,Outras despesas operacionais,-8376279,NA,dfp_cia_aberta_DRE_con_2019.csv
33.592.510/0001-54,4170,2019-12-31,2019-01-01,2019-12-31,VALE S.A.,2,DF Consolidado - Demonstração do Resultado,REAL,MIL,ÚLTIMO,3.04.06,Resultado de Equivalência Patrimonial,-2683903,NA,dfp_cia_aberta_DRE_con_2019.csv
33.592.510/0001-54,4170,2019-12-31,2019-01-01,2019-12-31,VALE S.A.,2,DF Consolidado - Demonstração do Resultado,REAL,MIL,ÚLTIMO,3.05,Resultado Antes do Resultado Financeiro e dos Tributos,2239775,NA,dfp_cia_aberta_DRE_con_2019.csv
33.592.510/0001-54,4170,2019-12-31,2019-01-01,2019-12-31,VALE S.A.,2,DF Consolidado - Demonstração do Resultado,REAL,MIL,ÚLTIMO,3.06,Resultado Financeiro,-13444786,NA,dfp_cia_aberta_DRE_con_2019.csv
33.592.510/0001-54,4170,2019-12-31,2019-01-01,2019-12-31,VALE S.A.,2,DF Consolidado - Demonstração do Resultado,REAL,MIL,ÚLTIMO,3.06.01,Receitas Financeiras,2091692,NA,dfp_cia_aberta_DRE_con_2019.csv
33.592.510/0001-54,4170,2019-12-31,2019-01-01,2019-12-31,VALE S.A.,2,DF Consolidado - Demonstração do Resultado,REAL,MIL,ÚLTIMO,3.06.02,Despesas Financeiras,-15536478,NA,dfp_cia_aberta_DRE_con_2019.csv
33.592.510/0001-54,4170,2019-12-31,2019-01-01,2019-12-31,VALE S.A.,2,DF Consolidado - Demonstração do Resultado,REAL,MIL,ÚLTIMO,3.06.02.01,Despesas financeiras,0,NA,dfp_cia_aberta_DRE_con_2019.csv
33.592.510/0001-54,4170,2019-12-31,2019-01-01,2019-12-31,VALE S.A.,2,DF Consolidado - Demonstração do Resultado,REAL,MIL,ÚLTIMO,3.06.02.02,Resultado de alienação/baixa de participação JV/coligadas,0,NA,dfp_cia_aberta_DRE_con_2019.csv
33.592.510/0001-54,4170,2019-12-31,2019-01-01,2019-12-31,VALE S.A.,2,DF Consolidado - Demonstração do Resultado,REAL,MIL,ÚLTIMO,3.07,Resultado Antes dos Tributos sobre o Lucro,-11205011,NA,dfp_cia_aberta_DRE_con_2019.csv
33.592.510/0001-54,4170,2019-12-31,2019-01-01,2019-12-31,VALE S.A.,2,DF Consolidado - Demonstração do Resultado,REAL,MIL,ÚLTIMO,3.08,Imposto de Renda e Contribuição Social sobre o Lucro,2508971,NA,dfp_cia_aberta_DRE_con_2019.csv
33.592.510/0001-54,4170,2019-12-31,2019-01-01,2019-12-31,VALE S.A.,2,DF Consolidado - Demonstração do Resultado,REAL,MIL,ÚLTIMO,3.08.01,Corrente,-5985191,NA,dfp_cia_aberta_DRE_con_2019.csv
33.592.510/0001-54,4170,2019-12-31,2019-01-01,2019-12-31,VALE S.A.,2,DF Consolidado - Demonstração do Resultado,REAL,MIL,ÚLTIMO,3.08.02,Diferido,8494162,NA,dfp_cia_aberta_DRE_con_2019.csv
33.592.510/0001-54,4170,2019-12-31,2019-01-01,2019-12-31,VALE S.A.,2,DF Consolidado - Demonstração do Resultado,REAL,MIL,ÚLTIMO,3.09,Resultado Líquido das Operações Continuadas,-8696040,NA,dfp_cia_aberta_DRE_con_2019.csv
33.592.510/0001-54,4170,2019-12-31,2019-01-01,2019-12-31,VALE S.A.,2,DF Consolidado - Demonstração do Resultado,REAL,MIL,ÚLTIMO,3.10,Resultado Líquido de Operações Descontinuadas,0,NA,dfp_cia_aberta_DRE_con_2019.csv
33.592.510/0001-54,4170,2019-12-31,2019-01-01,2019-12-31,VALE S.A.,2,DF Consolidado - Demonstração do Resultado,REAL,MIL,ÚLTIMO,3.10.01,Lucro/Prejuízo Líquido das Operações Descontinuadas,0,NA,dfp_cia_aberta_DRE_con_2019.csv
33.592.510/0001-54,4170,2019-12-31,2019-01-01,2019-12-31,VALE S.A.,2,DF Consolidado - Demonstração do Resultado,REAL,MIL,ÚLTIMO,3.10.02,Ganhos/Perdas Líquidas sobre Ativos de Operações Descontinuadas,0,NA,dfp_cia_aberta_DRE_con_2019.csv
33.592.510/0001-54,4170,2019-12-31,2019-01-01,2019-12-31,VALE S.A.,2,DF Consolidado - Demonstração do Resultado,REAL,MIL,ÚLTIMO,3.11,Lucro/Prejuízo Consolidado do Período,-8696040,NA,dfp_cia_aberta_DRE_con_2019.csv
33.592.510/0001-54,4170,2019-12-31,2019-01-01,2019-12-31,VALE S.A.,2,DF Consolidado - Demonstração do Resultado,REAL,MIL,ÚLTIMO,3.11.01,Atribuído a Sócios da Empresa Controladora,-6671445,NA,dfp_cia_aberta_DRE_con_2019.csv
33.592.510/0001-54,4170,2019-12-31,2019-01-01,2019-12-31,VALE S.A.,2,DF Consolidado - Demonstração do Resultado,REAL,MIL,ÚLTIMO,3.11.02,Atribuído a Sócios Não Controladores,-2024595,NA,dfp_cia_aberta_DRE_con_2019.csv
33.592.510/0001-54,4170,2019-12-31,2019-01-01,2019-12-31,VALE S.A.,2,DF Consolidado - Demonstração do Resultado,REAL,MIL,ÚLTIMO,3.99,Lucro por Ação - (Reais / Ação),0,NA,dfp_cia_aberta_DRE_con_2019.csv
33.592.510/0001-54,4170,2019-12-31,2019-01-01,2019-12-31,VALE S.A.,2,DF Consolidado - Demonstração do Resultado,REAL,MIL,ÚLTIMO,3.99.01,Lucro Básico por Ação,0,NA,dfp_cia_aberta_DRE_con_2019.csv
33.592.510/0001-54,4170,2019-12-31,2019-01-01,2019-12-31,VALE S.A.,2,DF Consolidado - Demonstração do Resultado,REAL,MIL,ÚLTIMO,3.99.01.01,PNA,0,NA,dfp_cia_aberta_DRE_con_2019.csv
33.592.510/0001-54,4170,2019-12-31,2019-01-01,2019-12-31,VALE S.A.,2,DF Consolidado - Demonstração do Resultado,REAL,MIL,ÚLTIMO,3.99.01.02,ON,-1.29,NA,dfp_cia_aberta_DRE_con_2019.csv
33.592.510/0001-54,4170,2019-12-31,2019-01-01,2019-12-31,VALE S.A.,2,DF Consolidado - Demonstração do Resultado,REAL,MIL,ÚLTIMO,3.99.02,Lucro Diluído por Ação,0,NA,dfp_cia_aberta_DRE_con_2019.csv
33.592.510/0001-54,4170,2019-12-31,2019-01-01,2019-12-31,VALE S.A.,2,DF Consolidado - Demonstração do Resultado,REAL,MIL,ÚLTIMO,3.99.02.01,PNA,0,NA,dfp_cia_aberta_DRE_con_2019.csv
33.592.510/0001-54,4170,2019-12-31,2019-01-01,2019-12-31,VALE S.A.,2,DF Consolidado - Demonstração do Resultado,REAL,MIL,ÚLTIMO,3.99.02.02,ON,-1.29,NA,dfp_cia_aberta_DRE_con_2019.csv
33.592.510/0001-54,4170,2020-12-31,2020-01-01,2020-12-31,VALE S.A.,1,DF Consolidado - Demonstração do Resultado,REAL,MIL,ÚLTIMO,3.01,Receita de Venda de Bens e/ou Serviços,208528759,NA,dfp_cia_aberta_DRE_con_2020.csv
33.592.510/0001-54,4170,2020-12-31,2020-01-01,2020-12-31,VALE S.A.,1,DF Consolidado - Demonstração do Resultado,REAL,MIL,ÚLTIMO,3.02,Custo dos Bens e/ou Serviços Vendidos,-98567494,NA,dfp_cia_aberta_DRE_con_2020.csv
33.592.510/0001-54,4170,2020-12-31,2020-01-01,2020-12-31,VALE S.A.,1,DF Consolidado - Demonstração do Resultado,REAL,MIL,ÚLTIMO,3.03,Resultado Bruto,109961265,NA,dfp_cia_aberta_DRE_con_2020.csv
33.592.510/0001-54,4170,2020-12-31,2020-01-01,2020-12-31,VALE S.A.,1,DF Consolidado - Demonstração do Resultado,REAL,MIL,ÚLTIMO,3.04,Despesas/Receitas Operacionais,-57893647,NA,dfp_cia_aberta_DRE_con_2020.csv
33.592.510/0001-54,4170,2020-12-31,2020-01-01,2020-12-31,VALE S.A.,1,DF Consolidado - Demonstração do Resultado,REAL,MIL,ÚLTIMO,3.04.01,Despesas com Vendas,0,NA,dfp_cia_aberta_DRE_con_2020.csv
33.592.510/0001-54,4170,2020-12-31,2020-01-01,2020-12-31,VALE S.A.,1,DF Consolidado - Demonstração do Resultado,REAL,MIL,ÚLTIMO,3.04.02,Despesas Gerais e Administrativas,-2856913,NA,dfp_cia_aberta_DRE_con_2020.csv
33.592.510/0001-54,4170,2020-12-31,2020-01-01,2020-12-31,VALE S.A.,1,DF Consolidado - Demonstração do Resultado,REAL,MIL,ÚLTIMO,3.04.03,Perdas pela Não Recuperabilidade de Ativos,-11818792,NA,dfp_cia_aberta_DRE_con_2020.csv
33.592.510/0001-54,4170,2020-12-31,2020-01-01,2020-12-31,VALE S.A.,1,DF Consolidado - Demonstração do Resultado,REAL,MIL,ÚLTIMO,3.04.04,Outras Receitas Operacionais,0,NA,dfp_cia_aberta_DRE_con_2020.csv
33.592.510/0001-54,4170,2020-12-31,2020-01-01,2020-12-31,VALE S.A.,1,DF Consolidado - Demonstração do Resultado,REAL,MIL,ÚLTIMO,3.04.05,Outras Despesas Operacionais,-37782012,NA,dfp_cia_aberta_DRE_con_2020.csv
33.592.510/0001-54,4170,2020-12-31,2020-01-01,2020-12-31,VALE S.A.,1,DF Consolidado - Demonstração do Resultado,REAL,MIL,ÚLTIMO,3.04.05.01,Evento Brumadinho,-27015610,NA,dfp_cia_aberta_DRE_con_2020.csv
33.592.510/0001-54,4170,2020-12-31,2020-01-01,2020-12-31,VALE S.A.,1,DF Consolidado - Demonstração do Resultado,REAL,MIL,ÚLTIMO,3.04.05.02,Outras despesas operacionais,-10766402,NA,dfp_cia_aberta_DRE_con_2020.csv
33.592.510/0001-54,4170,2020-12-31,2020-01-01,2020-12-31,VALE S.A.,1,DF Consolidado - Demonstração do Resultado,REAL,MIL,ÚLTIMO,3.04.06,Resultado de Equivalência Patrimonial,-5435930,NA,dfp_cia_aberta_DRE_con_2020.csv
33.592.510/0001-54,4170,2020-12-31,2020-01-01,2020-12-31,VALE S.A.,1,DF Consolidado - Demonstração do Resultado,REAL,MIL,ÚLTIMO,3.05,Resultado Antes do Resultado Financeiro e dos Tributos,52067618,NA,dfp_cia_aberta_DRE_con_2020.csv
33.592.510/0001-54,4170,2020-12-31,2020-01-01,2020-12-31,VALE S.A.,1,DF Consolidado - Demonstração do Resultado,REAL,MIL,ÚLTIMO,3.06,Resultado Financeiro,-24140630,NA,dfp_cia_aberta_DRE_con_2020.csv
33.592.510/0001-54,4170,2020-12-31,2020-01-01,2020-12-31,VALE S.A.,1,DF Consolidado - Demonstração do Resultado,REAL,MIL,ÚLTIMO,3.06.01,Receitas Financeiras,1921828,NA,dfp_cia_aberta_DRE_con_2020.csv
33.592.510/0001-54,4170,2020-12-31,2020-01-01,2020-12-31,VALE S.A.,1,DF Consolidado - Demonstração do Resultado,REAL,MIL,ÚLTIMO,3.06.02,Despesas Financeiras,-26062458,NA,dfp_cia_aberta_DRE_con_2020.csv
33.592.510/0001-54,4170,2020-12-31,2020-01-01,2020-12-31,VALE S.A.,1,DF Consolidado - Demonstração do Resultado,REAL,MIL,ÚLTIMO,3.06.02.01,Despesas financeiras,0,NA,dfp_cia_aberta_DRE_con_2020.csv
33.592.510/0001-54,4170,2020-12-31,2020-01-01,2020-12-31,VALE S.A.,1,DF Consolidado - Demonstração do Resultado,REAL,MIL,ÚLTIMO,3.06.02.02,Resultado de alienação/baixa de participação JV/coligadas,0,NA,dfp_cia_aberta_DRE_con_2020.csv
33.592.510/0001-54,4170,2020-12-31,2020-01-01,2020-12-31,VALE S.A.,1,DF Consolidado - Demonstração do Resultado,REAL,MIL,ÚLTIMO,3.07,Resultado Antes dos Tributos sobre o Lucro,27926988,NA,dfp_cia_aberta_DRE_con_2020.csv
33.592.510/0001-54,4170,2020-12-31,2020-01-01,2020-12-31,VALE S.A.,1,DF Consolidado - Demonstração do Resultado,REAL,MIL,ÚLTIMO,3.08,Imposto de Renda e Contribuição Social sobre o Lucro,-3024647,NA,dfp_cia_aberta_DRE_con_2020.csv
33.592.510/0001-54,4170,2020-12-31,2020-01-01,2020-12-31,VALE S.A.,1,DF Consolidado - Demonstração do Resultado,REAL,MIL,ÚLTIMO,3.08.01,Corrente,-17828012,NA,dfp_cia_aberta_DRE_con_2020.csv
33.592.510/0001-54,4170,2020-12-31,2020-01-01,2020-12-31,VALE S.A.,1,DF Consolidado - Demonstração do Resultado,REAL,MIL,ÚLTIMO,3.08.02,Diferido,14803365,NA,dfp_cia_aberta_DRE_con_2020.csv
33.592.510/0001-54,4170,2020-12-31,2020-01-01,2020-12-31,VALE S.A.,1,DF Consolidado - Demonstração do Resultado,REAL,MIL,ÚLTIMO,3.09,Resultado Líquido das Operações Continuadas,24902341,NA,dfp_cia_aberta_DRE_con_2020.csv
33.592.510/0001-54,4170,2020-12-31,2020-01-01,2020-12-31,VALE S.A.,1,DF Consolidado - Demonstração do Resultado,REAL,MIL,ÚLTIMO,3.10,Resultado Líquido de Operações Descontinuadas,0,NA,dfp_cia_aberta_DRE_con_2020.csv
33.592.510/0001-54,4170,2020-12-31,2020-01-01,2020-12-31,VALE S.A.,1,DF Consolidado - Demonstração do Resultado,REAL,MIL,ÚLTIMO,3.10.01,Lucro/Prejuízo Líquido das Operações Descontinuadas,0,NA,dfp_cia_aberta_DRE_con_2020.csv
33.592.510/0001-54,4170,2020-12-31,2020-01-01,2020-12-31,VALE S.A.,1,DF Consolidado - Demonstração do Resultado,REAL,MIL,ÚLTIMO,3.10.02,Ganhos/Perdas Líquidas sobre Ativos de Operações Descontinuadas,0,NA,dfp_cia_aberta_DRE_con_2020.csv
33.592.510/0001-54,4170,2020-12-31,2020-01-01,2020-12-31,VALE S.A.,1,DF Consolidado - Demonstração do Resultado,REAL,MIL,ÚLTIMO,3.11,Lucro/Prejuízo Consolidado do Período,24902341,NA,dfp_cia_aberta_DRE_con_2020.csv
33.592.510/0001-54,4170,2020-12-31,2020-01-01,2020-12-31,VALE S.A.,1,DF Consolidado - Demonstração do Resultado,REAL,MIL,ÚLTIMO,3.11.01,Atribuído a Sócios da Empresa Controladora,26712713,NA,dfp_cia_aberta_DRE_con_2020.csv
33.592.510/0001-54,4170,2020-12-31,2020-01-01,2020-12-31,VALE S.A.,1,DF Consolidado - Demonstração do Resultado,REAL,MIL,ÚLTIMO,3.11.02,Atribuído a Sócios Não Controladores,-1810372,NA,dfp_cia_aberta_DRE_con_2020.csv
33.592.510/0001-54,4170,2020-12-31,2020-01-01,2020-12-31,VALE S.A.,1,DF Consolidado - Demonstração do Resultado,REAL,MIL,ÚLTIMO,3.99,Lucro por Ação - (Reais / Ação),0,NA,dfp_cia_aberta_DRE_con_2020.csv
33.592.510/0001-54,4170,2020-12-31,2020-01-01,2020-12-31,VALE S.A.,1,DF Consolidado - Demonstração do Resultado,REAL,MIL,ÚLTIMO,3.99.01,Lucro Básico por Ação,0,NA,dfp_cia_aberta_DRE_con_2020.csv
33.592.510/0001-54,4170,2020-12-31,2020-01-01,2020-12-31,VALE S.A.,1,DF Consolidado - Demonstração do Resultado,REAL,MIL,ÚLTIMO,3.99.01.01,PNA,0,NA,dfp_cia_aberta_DRE_con_2020.csv
33.592.510/0001-54,4170,2020-12-31,2020-01-01,2020-12-31,VALE S.A.,1,DF Consolidado - Demonstração do Resultado,REAL,MIL,ÚLTIMO,3.99.01.02,ON,5.21,NA,dfp_cia_aberta_DRE_con_2020.csv
33.592.510/0001-54,4170,2020-12-31,2020-01-01,2020-12-31,VALE S.A.,1,DF Consolidado - Demonstração do Resultado,REAL,MIL,ÚLTIMO,3.99.02,Lucro Diluído por Ação,0,NA,dfp_cia_aberta_DRE_con_2020.csv
33.592.510/0001-54,4170,2020-12-31,2020-01-01,2020-12-31,VALE S.A.,1,DF Consolidado - Demonstração do Resultado,REAL,MIL,ÚLTIMO,3.99.02.01,PNA,0,NA,dfp_cia_aberta_DRE_con_2020.csv
33.592.510/0001-54,4170,2020-12-31,2020-01-01,2020-12-31,VALE S.A.,1,DF Consolidado - Demonstração do Resultado,REAL,MIL,ÚLTIMO,3.99.02.02,ON,5.21,NA,dfp_cia_aberta_DRE_con_2020.csv
33.592.510/0001-54,4170,2021-12-31,2021-01-01,2021-12-31,VALE S.A.,1,DF Consolidado - Demonstração do Resultado,REAL,MIL,ÚLTIMO,3.01,Receita de Venda de Bens e/ou Serviços,293524000,NA,dfp_cia_aberta_DRE_con_2021.csv
33.592.510/0001-54,4170,2021-12-31,2021-01-01,2021-12-31,VALE S.A.,1,DF Consolidado - Demonstração do Resultado,REAL,MIL,ÚLTIMO,3.02,Custo dos Bens e/ou Serviços Vendidos,-117267000,NA,dfp_cia_aberta_DRE_con_2021.csv
33.592.510/0001-54,4170,2021-12-31,2021-01-01,2021-12-31,VALE S.A.,1,DF Consolidado - Demonstração do Resultado,REAL,MIL,ÚLTIMO,3.03,Resultado Bruto,176257000,NA,dfp_cia_aberta_DRE_con_2021.csv
33.592.510/0001-54,4170,2021-12-31,2021-01-01,2021-12-31,VALE S.A.,1,DF Consolidado - Demonstração do Resultado,REAL,MIL,ÚLTIMO,3.04,Despesas/Receitas Operacionais,-34922000,NA,dfp_cia_aberta_DRE_con_2021.csv
33.592.510/0001-54,4170,2021-12-31,2021-01-01,2021-12-31,VALE S.A.,1,DF Consolidado - Demonstração do Resultado,REAL,MIL,ÚLTIMO,3.04.01,Despesas com Vendas,0,NA,dfp_cia_aberta_DRE_con_2021.csv
33.592.510/0001-54,4170,2021-12-31,2021-01-01,2021-12-31,VALE S.A.,1,DF Consolidado - Demonstração do Resultado,REAL,MIL,ÚLTIMO,3.04.02,Despesas Gerais e Administrativas,-2601000,NA,dfp_cia_aberta_DRE_con_2021.csv
33.592.510/0001-54,4170,2021-12-31,2021-01-01,2021-12-31,VALE S.A.,1,DF Consolidado - Demonstração do Resultado,REAL,MIL,ÚLTIMO,3.04.03,Perdas pela Não Recuperabilidade de Ativos,-2352000,NA,dfp_cia_aberta_DRE_con_2021.csv
33.592.510/0001-54,4170,2021-12-31,2021-01-01,2021-12-31,VALE S.A.,1,DF Consolidado - Demonstração do Resultado,REAL,MIL,ÚLTIMO,3.04.04,Outras Receitas Operacionais,0,NA,dfp_cia_aberta_DRE_con_2021.csv
33.592.510/0001-54,4170,2021-12-31,2021-01-01,2021-12-31,VALE S.A.,1,DF Consolidado - Demonstração do Resultado,REAL,MIL,ÚLTIMO,3.04.05,Outras Despesas Operacionais,-23022000,NA,dfp_cia_aberta_DRE_con_2021.csv
33.592.510/0001-54,4170,2021-12-31,2021-01-01,2021-12-31,VALE S.A.,1,DF Consolidado - Demonstração do Resultado,REAL,MIL,ÚLTIMO,3.04.05.01,Evento Brumadinho,-14379000,NA,dfp_cia_aberta_DRE_con_2021.csv
33.592.510/0001-54,4170,2021-12-31,2021-01-01,2021-12-31,VALE S.A.,1,DF Consolidado - Demonstração do Resultado,REAL,MIL,ÚLTIMO,3.04.05.02,Outras despesas operacionais,-8643000,NA,dfp_cia_aberta_DRE_con_2021.csv
33.592.510/0001-54,4170,2021-12-31,2021-01-01,2021-12-31,VALE S.A.,1,DF Consolidado - Demonstração do Resultado,REAL,MIL,ÚLTIMO,3.04.06,Resultado de Equivalência Patrimonial,-6947000,NA,dfp_cia_aberta_DRE_con_2021.csv
33.592.510/0001-54,4170,2021-12-31,2021-01-01,2021-12-31,VALE S.A.,1,DF Consolidado - Demonstração do Resultado,REAL,MIL,ÚLTIMO,3.05,Resultado Antes do Resultado Financeiro e dos Tributos,141335000,NA,dfp_cia_aberta_DRE_con_2021.csv
33.592.510/0001-54,4170,2021-12-31,2021-01-01,2021-12-31,VALE S.A.,1,DF Consolidado - Demonstração do Resultado,REAL,MIL,ÚLTIMO,3.06,Resultado Financeiro,17812000,NA,dfp_cia_aberta_DRE_con_2021.csv
33.592.510/0001-54,4170,2021-12-31,2021-01-01,2021-12-31,VALE S.A.,1,DF Consolidado - Demonstração do Resultado,REAL,MIL,ÚLTIMO,3.06.01,Receitas Financeiras,1822000,NA,dfp_cia_aberta_DRE_con_2021.csv
33.592.510/0001-54,4170,2021-12-31,2021-01-01,2021-12-31,VALE S.A.,1,DF Consolidado - Demonstração do Resultado,REAL,MIL,ÚLTIMO,3.06.02,Despesas Financeiras,15990000,NA,dfp_cia_aberta_DRE_con_2021.csv
33.592.510/0001-54,4170,2021-12-31,2021-01-01,2021-12-31,VALE S.A.,1,DF Consolidado - Demonstração do Resultado,REAL,MIL,ÚLTIMO,3.06.02.01,Despesas financeiras,0,NA,dfp_cia_aberta_DRE_con_2021.csv
33.592.510/0001-54,4170,2021-12-31,2021-01-01,2021-12-31,VALE S.A.,1,DF Consolidado - Demonstração do Resultado,REAL,MIL,ÚLTIMO,3.06.02.02,Resultado de alienação/baixa de participação JV/coligadas,0,NA,dfp_cia_aberta_DRE_con_2021.csv
33.592.510/0001-54,4170,2021-12-31,2021-01-01,2021-12-31,VALE S.A.,1,DF Consolidado - Demonstração do Resultado,REAL,MIL,ÚLTIMO,3.07,Resultado Antes dos Tributos sobre o Lucro,159147000,NA,dfp_cia_aberta_DRE_con_2021.csv
33.592.510/0001-54,4170,2021-12-31,2021-01-01,2021-12-31,VALE S.A.,1,DF Consolidado - Demonstração do Resultado,REAL,MIL,ÚLTIMO,3.08,Imposto de Renda e Contribuição Social sobre o Lucro,-25320000,NA,dfp_cia_aberta_DRE_con_2021.csv
33.592.510/0001-54,4170,2021-12-31,2021-01-01,2021-12-31,VALE S.A.,1,DF Consolidado - Demonstração do Resultado,REAL,MIL,ÚLTIMO,3.08.01,Corrente,-30079000,NA,dfp_cia_aberta_DRE_con_2021.csv
33.592.510/0001-54,4170,2021-12-31,2021-01-01,2021-12-31,VALE S.A.,1,DF Consolidado - Demonstração do Resultado,REAL,MIL,ÚLTIMO,3.08.02,Diferido,4759000,NA,dfp_cia_aberta_DRE_con_2021.csv
33.592.510/0001-54,4170,2021-12-31,2021-01-01,2021-12-31,VALE S.A.,1,DF Consolidado - Demonstração do Resultado,REAL,MIL,ÚLTIMO,3.09,Resultado Líquido das Operações Continuadas,133827000,NA,dfp_cia_aberta_DRE_con_2021.csv
33.592.510/0001-54,4170,2021-12-31,2021-01-01,2021-12-31,VALE S.A.,1,DF Consolidado - Demonstração do Resultado,REAL,MIL,ÚLTIMO,3.10,Resultado Líquido de Operações Descontinuadas,-12484000,NA,dfp_cia_aberta_DRE_con_2021.csv
33.592.510/0001-54,4170,2021-12-31,2021-01-01,2021-12-31,VALE S.A.,1,DF Consolidado - Demonstração do Resultado,REAL,MIL,ÚLTIMO,3.10.01,Lucro/Prejuízo Líquido das Operações Descontinuadas,-12484000,NA,dfp_cia_aberta_DRE_con_2021.csv
33.592.510/0001-54,4170,2021-12-31,2021-01-01,2021-12-31,VALE S.A.,1,DF Consolidado - Demonstração do Resultado,REAL,MIL,ÚLTIMO,3.10.02,Ganhos/Perdas Líquidas sobre Ativos de Operações Descontinuadas,0,NA,dfp_cia_aberta_DRE_con_2021.csv
33.592.510/0001-54,4170,2021-12-31,2021-01-01,2021-12-31,VALE S.A.,1,DF Consolidado - Demonstração do Resultado,REAL,MIL,ÚLTIMO,3.11,Lucro/Prejuízo Consolidado do Período,121343000,NA,dfp_cia_aberta_DRE_con_2021.csv
33.592.510/0001-54,4170,2021-12-31,2021-01-01,2021-12-31,VALE S.A.,1,DF Consolidado - Demonstração do Resultado,REAL,MIL,ÚLTIMO,3.11.01,Atribuído a Sócios da Empresa Controladora,121228000,NA,dfp_cia_aberta_DRE_con_2021.csv
33.592.510/0001-54,4170,2021-12-31,2021-01-01,2021-12-31,VALE S.A.,1,DF Consolidado - Demonstração do Resultado,REAL,MIL,ÚLTIMO,3.11.02,Atribuído a Sócios Não Controladores,115000,NA,dfp_cia_aberta_DRE_con_2021.csv
33.592.510/0001-54,4170,2021-12-31,2021-01-01,2021-12-31,VALE S.A.,1,DF Consolidado - Demonstração do Resultado,REAL,MIL,ÚLTIMO,3.99,Lucro por Ação - (Reais / Ação),0,NA,dfp_cia_aberta_DRE_con_2021.csv
33.592.510/0001-54,4170,2021-12-31,2021-01-01,2021-12-31,VALE S.A.,1,DF Consolidado - Demonstração do Resultado,REAL,MIL,ÚLTIMO,3.99.01,Lucro Básico por Ação,0,NA,dfp_cia_aberta_DRE_con_2021.csv
33.592.510/0001-54,4170,2021-12-31,2021-01-01,2021-12-31,VALE S.A.,1,DF Consolidado - Demonstração do Resultado,REAL,MIL,ÚLTIMO,3.99.01.01,PNA,0,NA,dfp_cia_aberta_DRE_con_2021.csv
33.592.510/0001-54,4170,2021-12-31,2021-01-01,2021-12-31,VALE S.A.,1,DF Consolidado - Demonstração do Resultado,REAL,MIL,ÚLTIMO,3.99.01.02,ON,24.18,NA,dfp_cia_aberta_DRE_con_2021.csv
33.592.510/0001-54,4170,2021-12-31,2021-01-01,2021-12-31,VALE S.A.,1,DF Consolidado - Demonstração do Resultado,REAL,MIL,ÚLTIMO,3.99.02,Lucro Diluído por Ação,0,NA,dfp_cia_aberta_DRE_con_2021.csv
33.592.510/0001-54,4170,2021-12-31,2021-01-01,2021-12-31,VALE S.A.,1,DF Consolidado - Demonstração do Resultado,REAL,MIL,ÚLTIMO,3.99.02.01,PNA,0,NA,dfp_cia_aberta_DRE_con_2021.csv
33.592.510/0001-54,4170,2021-12-31,2021-01-01,2021-12-31,VALE S.A.,1,DF Consolidado - Demonstração do Resultado,REAL,MIL,ÚLTIMO,3.99.02.02,ON,24.18,NA,dfp_cia_aberta_DRE_con_2021.csv
33.592.510/0001-54,4170,2022-12-31,2022-01-01,2022-12-31,VALE S.A.,2,DF Consolidado - Demonstração do Resultado,REAL,MIL,ÚLTIMO,3.01,Receita de Venda de Bens e/ou Serviços,226508000,NA,dfp_cia_aberta_DRE_con_2022.csv
33.592.510/0001-54,4170,2022-12-31,2022-01-01,2022-12-31,VALE S.A.,2,DF Consolidado - Demonstração do Resultado,REAL,MIL,ÚLTIMO,3.02,Custo dos Bens e/ou Serviços Vendidos,124195000,NA,dfp_cia_aberta_DRE_con_2022.csv
33.592.510/0001-54,4170,2022-12-31,2022-01-01,2022-12-31,VALE S.A.,2,DF Consolidado - Demonstração do Resultado,REAL,MIL,ÚLTIMO,3.03,Resultado Bruto,102313000,NA,dfp_cia_aberta_DRE_con_2022.csv
33.592.510/0001-54,4170,2022-12-31,2022-01-01,2022-12-31,VALE S.A.,2,DF Consolidado - Demonstração do Resultado,REAL,MIL,ÚLTIMO,3.04,Despesas/Receitas Operacionais,-11987000,NA,dfp_cia_aberta_DRE_con_2022.csv
33.592.510/0001-54,4170,2022-12-31,2022-01-01,2022-12-31,VALE S.A.,2,DF Consolidado - Demonstração do Resultado,REAL,MIL,ÚLTIMO,3.04.01,Despesas com Vendas,0,NA,dfp_cia_aberta_DRE_con_2022.csv
33.592.510/0001-54,4170,2022-12-31,2022-01-01,2022-12-31,VALE S.A.,2,DF Consolidado - Demonstração do Resultado,REAL,MIL,ÚLTIMO,3.04.02,Despesas Gerais e Administrativas,-2658000,NA,dfp_cia_aberta_DRE_con_2022.csv
33.592.510/0001-54,4170,2022-12-31,2022-01-01,2022-12-31,VALE S.A.,2,DF Consolidado - Demonstração do Resultado,REAL,MIL,ÚLTIMO,3.04.03,Perdas pela Não Recuperabilidade de Ativos,3833000,NA,dfp_cia_aberta_DRE_con_2022.csv
33.592.510/0001-54,4170,2022-12-31,2022-01-01,2022-12-31,VALE S.A.,2,DF Consolidado - Demonstração do Resultado,REAL,MIL,ÚLTIMO,3.04.04,Outras Receitas Operacionais,0,NA,dfp_cia_aberta_DRE_con_2022.csv
33.592.510/0001-54,4170,2022-12-31,2022-01-01,2022-12-31,VALE S.A.,2,DF Consolidado - Demonstração do Resultado,REAL,MIL,ÚLTIMO,3.04.05,Outras Despesas Operacionais,-14778000,NA,dfp_cia_aberta_DRE_con_2022.csv
33.592.510/0001-54,4170,2022-12-31,2022-01-01,2022-12-31,VALE S.A.,2,DF Consolidado - Demonstração do Resultado,REAL,MIL,ÚLTIMO,3.04.05.01,Evento Brumadinho,-5966000,NA,dfp_cia_aberta_DRE_con_2022.csv
33.592.510/0001-54,4170,2022-12-31,2022-01-01,2022-12-31,VALE S.A.,2,DF Consolidado - Demonstração do Resultado,REAL,MIL,ÚLTIMO,3.04.05.02,Outras despesas operacionais,-8812000,NA,dfp_cia_aberta_DRE_con_2022.csv
33.592.510/0001-54,4170,2022-12-31,2022-01-01,2022-12-31,VALE S.A.,2,DF Consolidado - Demonstração do Resultado,REAL,MIL,ÚLTIMO,3.04.06,Resultado de Equivalência Patrimonial,1616000,NA,dfp_cia_aberta_DRE_con_2022.csv
33.592.510/0001-54,4170,2022-12-31,2022-01-01,2022-12-31,VALE S.A.,2,DF Consolidado - Demonstração do Resultado,REAL,MIL,ÚLTIMO,3.05,Resultado Antes do Resultado Financeiro e dos Tributos,90326000,NA,dfp_cia_aberta_DRE_con_2022.csv
33.592.510/0001-54,4170,2022-12-31,2022-01-01,2022-12-31,VALE S.A.,2,DF Consolidado - Demonstração do Resultado,REAL,MIL,ÚLTIMO,3.06,Resultado Financeiro,11378000,NA,dfp_cia_aberta_DRE_con_2022.csv
33.592.510/0001-54,4170,2022-12-31,2022-01-01,2022-12-31,VALE S.A.,2,DF Consolidado - Demonstração do Resultado,REAL,MIL,ÚLTIMO,3.06.01,Receitas Financeiras,2685000,NA,dfp_cia_aberta_DRE_con_2022.csv
33.592.510/0001-54,4170,2022-12-31,2022-01-01,2022-12-31,VALE S.A.,2,DF Consolidado - Demonstração do Resultado,REAL,MIL,ÚLTIMO,3.06.02,Despesas Financeiras,8693000,NA,dfp_cia_aberta_DRE_con_2022.csv
33.592.510/0001-54,4170,2022-12-31,2022-01-01,2022-12-31,VALE S.A.,2,DF Consolidado - Demonstração do Resultado,REAL,MIL,ÚLTIMO,3.06.02.01,Despesas financeiras,0,NA,dfp_cia_aberta_DRE_con_2022.csv
33.592.510/0001-54,4170,2022-12-31,2022-01-01,2022-12-31,VALE S.A.,2,DF Consolidado - Demonstração do Resultado,REAL,MIL,ÚLTIMO,3.06.02.02,Resultado de alienação/baixa de participação JV/coligadas,0,NA,dfp_cia_aberta_DRE_con_2022.csv
33.592.510/0001-54,4170,2022-12-31,2022-01-01,2022-12-31,VALE S.A.,2,DF Consolidado - Demonstração do Resultado,REAL,MIL,ÚLTIMO,3.07,Resultado Antes dos Tributos sobre o Lucro,101704000,NA,dfp_cia_aberta_DRE_con_2022.csv
33.592.510/0001-54,4170,2022-12-31,2022-01-01,2022-12-31,VALE S.A.,2,DF Consolidado - Demonstração do Resultado,REAL,MIL,ÚLTIMO,3.08,Imposto de Renda e Contribuição Social sobre o Lucro,-15185000,NA,dfp_cia_aberta_DRE_con_2022.csv
33.592.510/0001-54,4170,2022-12-31,2022-01-01,2022-12-31,VALE S.A.,2,DF Consolidado - Demonstração do Resultado,REAL,MIL,ÚLTIMO,3.08.01,Corrente,-10259000,NA,dfp_cia_aberta_DRE_con_2022.csv
33.592.510/0001-54,4170,2022-12-31,2022-01-01,2022-12-31,VALE S.A.,2,DF Consolidado - Demonstração do Resultado,REAL,MIL,ÚLTIMO,3.08.02,Diferido,-4926000,NA,dfp_cia_aberta_DRE_con_2022.csv
33.592.510/0001-54,4170,2022-12-31,2022-01-01,2022-12-31,VALE S.A.,2,DF Consolidado - Demonstração do Resultado,REAL,MIL,ÚLTIMO,3.09,Resultado Líquido das Operações Continuadas,86519000,NA,dfp_cia_aberta_DRE_con_2022.csv
33.592.510/0001-54,4170,2022-12-31,2022-01-01,2022-12-31,VALE S.A.,2,DF Consolidado - Demonstração do Resultado,REAL,MIL,ÚLTIMO,3.10,Resultado Líquido de Operações Descontinuadas,9818000,NA,dfp_cia_aberta_DRE_con_2022.csv
33.592.510/0001-54,4170,2022-12-31,2022-01-01,2022-12-31,VALE S.A.,2,DF Consolidado - Demonstração do Resultado,REAL,MIL,ÚLTIMO,3.10.01,Lucro/Prejuízo Líquido das Operações Descontinuadas,9818000,NA,dfp_cia_aberta_DRE_con_2022.csv
33.592.510/0001-54,4170,2022-12-31,2022-01-01,2022-12-31,VALE S.A.,2,DF Consolidado - Demonstração do Resultado,REAL,MIL,ÚLTIMO,3.10.02,Ganhos/Perdas Líquidas sobre Ativos de Operações Descontinuadas,0,NA,dfp_cia_aberta_DRE_con_2022.csv
33.592.510/0001-54,4170,2022-12-31,2022-01-01,2022-12-31,VALE S.A.,2,DF Consolidado - Demonstração do Resultado,REAL,MIL,ÚLTIMO,3.11,Lucro/Prejuízo Consolidado do Período,96337000,NA,dfp_cia_aberta_DRE_con_2022.csv
33.592.510/0001-54,4170,2022-12-31,2022-01-01,2022-12-31,VALE S.A.,2,DF Consolidado - Demonstração do Resultado,REAL,MIL,ÚLTIMO,3.11.01,Atribuído a Sócios da Empresa Controladora,95924000,NA,dfp_cia_aberta_DRE_con_2022.csv
33.592.510/0001-54,4170,2022-12-31,2022-01-01,2022-12-31,VALE S.A.,2,DF Consolidado - Demonstração do Resultado,REAL,MIL,ÚLTIMO,3.11.02,Atribuído a Sócios Não Controladores,413000,NA,dfp_cia_aberta_DRE_con_2022.csv
33.592.510/0001-54,4170,2022-12-31,2022-01-01,2022-12-31,VALE S.A.,2,DF Consolidado - Demonstração do Resultado,REAL,MIL,ÚLTIMO,3.99,Lucro por Ação - (Reais / Ação),0,NA,dfp_cia_aberta_DRE_con_2022.csv
33.592.510/0001-54,4170,2022-12-31,2022-01-01,2022-12-31,VALE S.A.,2,DF Consolidado - Demonstração do Resultado,REAL,MIL,ÚLTIMO,3.99.01,Lucro Básico por Ação,0,NA,dfp_cia_aberta_DRE_con_2022.csv
33.592.510/0001-54,4170,2022-12-31,2022-01-01,2022-12-31,VALE S.A.,2,DF Consolidado - Demonstração do Resultado,REAL,MIL,ÚLTIMO,3.99.01.01,PNA,0,NA,dfp_cia_aberta_DRE_con_2022.csv
33.592.510/0001-54,4170,2022-12-31,2022-01-01,2022-12-31,VALE S.A.,2,DF Consolidado - Demonstração do Resultado,REAL,MIL,ÚLTIMO,3.99.01.02,ON,20.67,NA,dfp_cia_aberta_DRE_con_2022.csv
33.592.510/0001-54,4170,2022-12-31,2022-01-01,2022-12-31,VALE S.A.,2,DF Consolidado - Demonstração do Resultado,REAL,MIL,ÚLTIMO,3.99.02,Lucro Diluído por Ação,0,NA,dfp_cia_aberta_DRE_con_2022.csv
33.592.510/0001-54,4170,2022-12-31,2022-01-01,2022-12-31,VALE S.A.,2,DF Consolidado - Demonstração do Resultado,REAL,MIL,ÚLTIMO,3.99.02.01,PNA,0,NA,dfp_cia_aberta_DRE_con_2022.csv
33.592.510/0001-54,4170,2022-12-31,2022-01-01,2022-12-31,VALE S.A.,2,DF Consolidado - Demonstração do Resultado,REAL,MIL,ÚLTIMO,3.99.02.02,ON,20.67,NA,dfp_cia_aberta_DRE_con_2022.csv
33.592.510/0001-54,4170,2023-12-31,2023-01-01,2023-12-31,VALE S.A.,1,DF Consolidado - Demonstração do Resultado,REAL,MIL,ÚLTIMO,3.01,Receita de Venda de Bens e/ou Serviços,208066000,NA,dfp_cia_aberta_DRE_con_2023.csv
33.592.510/0001-54,4170,2023-12-31,2023-01-01,2023-12-31,VALE S.A.,1,DF Consolidado - Demonstração do Resultado,REAL,MIL,ÚLTIMO,3.02,Custo dos Bens e/ou Serviços Vendidos,-120016000,NA,dfp_cia_aberta_DRE_con_2023.csv
33.592.510/0001-54,4170,2023-12-31,2023-01-01,2023-12-31,VALE S.A.,1,DF Consolidado - Demonstração do Resultado,REAL,MIL,ÚLTIMO,3.03,Resultado Bruto,88050000,NA,dfp_cia_aberta_DRE_con_2023.csv
33.592.510/0001-54,4170,2023-12-31,2023-01-01,2023-12-31,VALE S.A.,1,DF Consolidado - Demonstração do Resultado,REAL,MIL,ÚLTIMO,3.04,Despesas/Receitas Operacionais,-22778000,NA,dfp_cia_aberta_DRE_con_2023.csv
33.592.510/0001-54,4170,2023-12-31,2023-01-01,2023-12-31,VALE S.A.,1,DF Consolidado - Demonstração do Resultado,REAL,MIL,ÚLTIMO,3.04.01,Despesas com Vendas,0,NA,dfp_cia_aberta_DRE_con_2023.csv
33.592.510/0001-54,4170,2023-12-31,2023-01-01,2023-12-31,VALE S.A.,1,DF Consolidado - Demonstração do Resultado,REAL,MIL,ÚLTIMO,3.04.02,Despesas Gerais e Administrativas,-2758000,NA,dfp_cia_aberta_DRE_con_2023.csv
33.592.510/0001-54,4170,2023-12-31,2023-01-01,2023-12-31,VALE S.A.,1,DF Consolidado - Demonstração do Resultado,REAL,MIL,ÚLTIMO,3.04.03,Perdas pela Não Recuperabilidade de Ativos,-1317000,NA,dfp_cia_aberta_DRE_con_2023.csv
33.592.510/0001-54,4170,2023-12-31,2023-01-01,2023-12-31,VALE S.A.,1,DF Consolidado - Demonstração do Resultado,REAL,MIL,ÚLTIMO,3.04.04,Outras Receitas Operacionais,0,NA,dfp_cia_aberta_DRE_con_2023.csv
33.592.510/0001-54,4170,2023-12-31,2023-01-01,2023-12-31,VALE S.A.,1,DF Consolidado - Demonstração do Resultado,REAL,MIL,ÚLTIMO,3.04.05,Outras Despesas Operacionais,-13269000,NA,dfp_cia_aberta_DRE_con_2023.csv
33.592.510/0001-54,4170,2023-12-31,2023-01-01,2023-12-31,VALE S.A.,1,DF Consolidado - Demonstração do Resultado,REAL,MIL,ÚLTIMO,3.04.05.01,Evento Brumadinho,-5348000,NA,dfp_cia_aberta_DRE_con_2023.csv
33.592.510/0001-54,4170,2023-12-31,2023-01-01,2023-12-31,VALE S.A.,1,DF Consolidado - Demonstração do Resultado,REAL,MIL,ÚLTIMO,3.04.05.02,Outras despesas operacionais,-7921000,NA,dfp_cia_aberta_DRE_con_2023.csv
33.592.510/0001-54,4170,2023-12-31,2023-01-01,2023-12-31,VALE S.A.,1,DF Consolidado - Demonstração do Resultado,REAL,MIL,ÚLTIMO,3.04.06,Resultado de Equivalência Patrimonial,-5434000,NA,dfp_cia_aberta_DRE_con_2023.csv
33.592.510/0001-54,4170,2023-12-31,2023-01-01,2023-12-31,VALE S.A.,1,DF Consolidado - Demonstração do Resultado,REAL,MIL,ÚLTIMO,3.05,Resultado Antes do Resultado Financeiro e dos Tributos,65272000,NA,dfp_cia_aberta_DRE_con_2023.csv
33.592.510/0001-54,4170,2023-12-31,2023-01-01,2023-12-31,VALE S.A.,1,DF Consolidado - Demonstração do Resultado,REAL,MIL,ÚLTIMO,3.06,Resultado Financeiro,-9718000,NA,dfp_cia_aberta_DRE_con_2023.csv
33.592.510/0001-54,4170,2023-12-31,2023-01-01,2023-12-31,VALE S.A.,1,DF Consolidado - Demonstração do Resultado,REAL,MIL,ÚLTIMO,3.06.01,Receitas Financeiras,2159000,NA,dfp_cia_aberta_DRE_con_2023.csv
33.592.510/0001-54,4170,2023-12-31,2023-01-01,2023-12-31,VALE S.A.,1,DF Consolidado - Demonstração do Resultado,REAL,MIL,ÚLTIMO,3.06.02,Despesas Financeiras,-11877000,NA,dfp_cia_aberta_DRE_con_2023.csv
33.592.510/0001-54,4170,2023-12-31,2023-01-01,2023-12-31,VALE S.A.,1,DF Consolidado - Demonstração do Resultado,REAL,MIL,ÚLTIMO,3.06.02.01,Despesas financeiras,0,NA,dfp_cia_aberta_DRE_con_2023.csv
33.592.510/0001-54,4170,2023-12-31,2023-01-01,2023-12-31,VALE S.A.,1,DF Consolidado - Demonstração do Resultado,REAL,MIL,ÚLTIMO,3.06.02.02,Resultado de alienação/baixa de participação JV/coligadas,0,NA,dfp_cia_aberta_DRE_con_2023.csv
33.592.510/0001-54,4170,2023-12-31,2023-01-01,2023-12-31,VALE S.A.,1,DF Consolidado - Demonstração do Resultado,REAL,MIL,ÚLTIMO,3.07,Resultado Antes dos Tributos sobre o Lucro,55554000,NA,dfp_cia_aberta_DRE_con_2023.csv
33.592.510/0001-54,4170,2023-12-31,2023-01-01,2023-12-31,VALE S.A.,1,DF Consolidado - Demonstração do Resultado,REAL,MIL,ÚLTIMO,3.08,Imposto de Renda e Contribuição Social sobre o Lucro,-15000000,NA,dfp_cia_aberta_DRE_con_2023.csv
33.592.510/0001-54,4170,2023-12-31,2023-01-01,2023-12-31,VALE S.A.,1,DF Consolidado - Demonstração do Resultado,REAL,MIL,ÚLTIMO,3.08.01,Corrente,-6869000,NA,dfp_cia_aberta_DRE_con_2023.csv
33.592.510/0001-54,4170,2023-12-31,2023-01-01,2023-12-31,VALE S.A.,1,DF Consolidado - Demonstração do Resultado,REAL,MIL,ÚLTIMO,3.08.02,Diferido,-8131000,NA,dfp_cia_aberta_DRE_con_2023.csv
33.592.510/0001-54,4170,2023-12-31,2023-01-01,2023-12-31,VALE S.A.,1,DF Consolidado - Demonstração do Resultado,REAL,MIL,ÚLTIMO,3.09,Resultado Líquido das Operações Continuadas,40554000,NA,dfp_cia_aberta_DRE_con_2023.csv
33.592.510/0001-54,4170,2023-12-31,2023-01-01,2023-12-31,VALE S.A.,1,DF Consolidado - Demonstração do Resultado,REAL,MIL,ÚLTIMO,3.10,Resultado Líquido de Operações Descontinuadas,0,NA,dfp_cia_aberta_DRE_con_2023.csv
33.592.510/0001-54,4170,2023-12-31,2023-01-01,2023-12-31,VALE S.A.,1,DF Consolidado - Demonstração do Resultado,REAL,MIL,ÚLTIMO,3.10.01,Lucro/Prejuízo Líquido das Operações Descontinuadas,0,NA,dfp_cia_aberta_DRE_con_2023.csv
33.592.510/0001-54,4170,2023-12-31,2023-01-01,2023-12-31,VALE S.A.,1,DF Consolidado - Demonstração do Resultado,REAL,MIL,ÚLTIMO,3.10.02,Ganhos/Perdas Líquidas sobre Ativos de Operações Descontinuadas,0,NA,dfp_cia_aberta_DRE_con_2023.csv
33.592.510/0001-54,4170,2023-12-31,2023-01-01,2023-12-31,VALE S.A.,1,DF Consolidado - Demonstração do Resultado,REAL,MIL,ÚLTIMO,3.11,Lucro/Prejuízo Consolidado do Período,40554000,NA,dfp_cia_aberta_DRE_con_2023.csv
33.592.510/0001-54,4170,2023-12-31,2023-01-01,2023-12-31,VALE S.A.,1,DF Consolidado - Demonstração do Resultado,REAL,MIL,ÚLTIMO,3.11.01,Atribuído a Sócios da Empresa Controladora,39940000,NA,dfp_cia_aberta_DRE_con_2023.csv
33.592.510/0001-54,4170,2023-12-31,2023-01-01,2023-12-31,VALE S.A.,1,DF Consolidado - Demonstração do Resultado,REAL,MIL,ÚLTIMO,3.11.02,Atribuído a Sócios Não Controladores,614000,NA,dfp_cia_aberta_DRE_con_2023.csv
33.592.510/0001-54,4170,2023-12-31,2023-01-01,2023-12-31,VALE S.A.,1,DF Consolidado - Demonstração do Resultado,REAL,MIL,ÚLTIMO,3.99,Lucro por Ação - (Reais / Ação),0,NA,dfp_cia_aberta_DRE_con_2023.csv
33.592.510/0001-54,4170,2023-12-31,2023-01-01,2023-12-31,VALE S.A.,1,DF Consolidado - Demonstração do Resultado,REAL,MIL,ÚLTIMO,3.99.01,Lucro Básico por Ação,0,NA,dfp_cia_aberta_DRE_con_2023.csv
33.592.510/0001-54,4170,2023-12-31,2023-01-01,2023-12-31,VALE S.A.,1,DF Consolidado - Demonstração do Resultado,REAL,MIL,ÚLTIMO,3.99.01.01,PNA,0,NA,dfp_cia_aberta_DRE_con_2023.csv
33.592.510/0001-54,4170,2023-12-31,2023-01-01,2023-12-31,VALE S.A.,1,DF Consolidado - Demonstração do Resultado,REAL,MIL,ÚLTIMO,3.99.01.02,ON,9.15,NA,dfp_cia_aberta_DRE_con_2023.csv
33.592.510/0001-54,4170,2023-12-31,2023-01-01,2023-12-31,VALE S.A.,1,DF Consolidado - Demonstração do Resultado,REAL,MIL,ÚLTIMO,3.99.02,Lucro Diluído por Ação,0,NA,dfp_cia_aberta_DRE_con_2023.csv
33.592.510/0001-54,4170,2023-12-31,2023-01-01,2023-12-31,VALE S.A.,1,DF Consolidado - Demonstração do Resultado,REAL,MIL,ÚLTIMO,3.99.02.01,PNA,0,NA,dfp_cia_aberta_DRE_con_2023.csv
33.592.510/0001-54,4170,2023-12-31,2023-01-01,2023-12-31,VALE S.A.,1,DF Consolidado - Demonstração do Resultado,REAL,MIL,ÚLTIMO,3.99.02.02,ON,9.15,NA,dfp_cia_aberta_DRE_con_2023.csv
33.592.510/0001-54,4170,2024-12-31,2024-01-01,2024-12-31,VALE S.A.,3,DF Consolidado - Demonstração do Resultado,REAL,MIL,ÚLTIMO,3.01,Receita de Venda de Bens e/ou Serviços,206005000,NA,dfp_cia_aberta_DRE_con_2024.csv
33.592.510/0001-54,4170,2024-12-31,2024-01-01,2024-12-31,VALE S.A.,3,DF Consolidado - Demonstração do Resultado,REAL,MIL,ÚLTIMO,3.02,Custo dos Bens e/ou Serviços Vendidos,-131318000,NA,dfp_cia_aberta_DRE_con_2024.csv
33.592.510/0001-54,4170,2024-12-31,2024-01-01,2024-12-31,VALE S.A.,3,DF Consolidado - Demonstração do Resultado,REAL,MIL,ÚLTIMO,3.03,Resultado Bruto,74687000,NA,dfp_cia_aberta_DRE_con_2024.csv
33.592.510/0001-54,4170,2024-12-31,2024-01-01,2024-12-31,VALE S.A.,3,DF Consolidado - Demonstração do Resultado,REAL,MIL,ÚLTIMO,3.04,Despesas/Receitas Operacionais,-19228000,NA,dfp_cia_aberta_DRE_con_2024.csv
33.592.510/0001-54,4170,2024-12-31,2024-01-01,2024-12-31,VALE S.A.,3,DF Consolidado - Demonstração do Resultado,REAL,MIL,ÚLTIMO,3.04.01,Despesas com Vendas,0,NA,dfp_cia_aberta_DRE_con_2024.csv
33.592.510/0001-54,4170,2024-12-31,2024-01-01,2024-12-31,VALE S.A.,3,DF Consolidado - Demonstração do Resultado,REAL,MIL,ÚLTIMO,3.04.02,Despesas Gerais e Administrativas,-3397000,NA,dfp_cia_aberta_DRE_con_2024.csv
33.592.510/0001-54,4170,2024-12-31,2024-01-01,2024-12-31,VALE S.A.,3,DF Consolidado - Demonstração do Resultado,REAL,MIL,ÚLTIMO,3.04.03,Perdas pela Não Recuperabilidade de Ativos,510000,NA,dfp_cia_aberta_DRE_con_2024.csv
33.592.510/0001-54,4170,2024-12-31,2024-01-01,2024-12-31,VALE S.A.,3,DF Consolidado - Demonstração do Resultado,REAL,MIL,ÚLTIMO,3.04.04,Outras Receitas Operacionais,0,NA,dfp_cia_aberta_DRE_con_2024.csv
33.592.510/0001-54,4170,2024-12-31,2024-01-01,2024-12-31,VALE S.A.,3,DF Consolidado - Demonstração do Resultado,REAL,MIL,ÚLTIMO,3.04.05,Outras Despesas Operacionais,-14771000,NA,dfp_cia_aberta_DRE_con_2024.csv
33.592.510/0001-54,4170,2024-12-31,2024-01-01,2024-12-31,VALE S.A.,3,DF Consolidado - Demonstração do Resultado,REAL,MIL,ÚLTIMO,3.04.05.01,Evento Brumadinho,-1530000,NA,dfp_cia_aberta_DRE_con_2024.csv
33.592.510/0001-54,4170,2024-12-31,2024-01-01,2024-12-31,VALE S.A.,3,DF Consolidado - Demonstração do Resultado,REAL,MIL,ÚLTIMO,3.04.05.02,Outras despesas operacionais,-13241000,NA,dfp_cia_aberta_DRE_con_2024.csv
33.592.510/0001-54,4170,2024-12-31,2024-01-01,2024-12-31,VALE S.A.,3,DF Consolidado - Demonstração do Resultado,REAL,MIL,ÚLTIMO,3.04.06,Resultado de Equivalência Patrimonial,-1570000,NA,dfp_cia_aberta_DRE_con_2024.csv
33.592.510/0001-54,4170,2024-12-31,2024-01-01,2024-12-31,VALE S.A.,3,DF Consolidado - Demonstração do Resultado,REAL,MIL,ÚLTIMO,3.05,Resultado Antes do Resultado Financeiro e dos Tributos,55459000,NA,dfp_cia_aberta_DRE_con_2024.csv
33.592.510/0001-54,4170,2024-12-31,2024-01-01,2024-12-31,VALE S.A.,3,DF Consolidado - Demonstração do Resultado,REAL,MIL,ÚLTIMO,3.06,Resultado Financeiro,-21235000,NA,dfp_cia_aberta_DRE_con_2024.csv
33.592.510/0001-54,4170,2024-12-31,2024-01-01,2024-12-31,VALE S.A.,3,DF Consolidado - Demonstração do Resultado,REAL,MIL,ÚLTIMO,3.06.01,Receitas Financeiras,2281000,NA,dfp_cia_aberta_DRE_con_2024.csv
33.592.510/0001-54,4170,2024-12-31,2024-01-01,2024-12-31,VALE S.A.,3,DF Consolidado - Demonstração do Resultado,REAL,MIL,ÚLTIMO,3.06.02,Despesas Financeiras,-23516000,NA,dfp_cia_aberta_DRE_con_2024.csv
33.592.510/0001-54,4170,2024-12-31,2024-01-01,2024-12-31,VALE S.A.,3,DF Consolidado - Demonstração do Resultado,REAL,MIL,ÚLTIMO,3.06.02.01,Despesas financeiras,0,NA,dfp_cia_aberta_DRE_con_2024.csv
33.592.510/0001-54,4170,2024-12-31,2024-01-01,2024-12-31,VALE S.A.,3,DF Consolidado - Demonstração do Resultado,REAL,MIL,ÚLTIMO,3.06.02.02,Resultado de alienação/baixa de participação JV/coligadas,0,NA,dfp_cia_aberta_DRE_con_2024.csv
33.592.510/0001-54,4170,2024-12-31,2024-01-01,2024-12-31,VALE S.A.,3,DF Consolidado - Demonstração do Resultado,REAL,MIL,ÚLTIMO,3.07,Resultado Antes dos Tributos sobre o Lucro,34224000,NA,dfp_cia_aberta_DRE_con_2024.csv
33.592.510/0001-54,4170,2024-12-31,2024-01-01,2024-12-31,VALE S.A.,3,DF Consolidado - Demonstração do Resultado,REAL,MIL,ÚLTIMO,3.08,Imposto de Renda e Contribuição Social sobre o Lucro,-3793000,NA,dfp_cia_aberta_DRE_con_2024.csv
33.592.510/0001-54,4170,2024-12-31,2024-01-01,2024-12-31,VALE S.A.,3,DF Consolidado - Demonstração do Resultado,REAL,MIL,ÚLTIMO,3.08.01,Corrente,-10595000,NA,dfp_cia_aberta_DRE_con_2024.csv
33.592.510/0001-54,4170,2024-12-31,2024-01-01,2024-12-31,VALE S.A.,3,DF Consolidado - Demonstração do Resultado,REAL,MIL,ÚLTIMO,3.08.02,Diferido,6802000,NA,dfp_cia_aberta_DRE_con_2024.csv
33.592.510/0001-54,4170,2024-12-31,2024-01-01,2024-12-31,VALE S.A.,3,DF Consolidado - Demonstração do Resultado,REAL,MIL,ÚLTIMO,3.09,Resultado Líquido das Operações Continuadas,30431000,NA,dfp_cia_aberta_DRE_con_2024.csv
33.592.510/0001-54,4170,2024-12-31,2024-01-01,2024-12-31,VALE S.A.,3,DF Consolidado - Demonstração do Resultado,REAL,MIL,ÚLTIMO,3.10,Resultado Líquido de Operações Descontinuadas,0,NA,dfp_cia_aberta_DRE_con_2024.csv
33.592.510/0001-54,4170,2024-12-31,2024-01-01,2024-12-31,VALE S.A.,3,DF Consolidado - Demonstração do Resultado,REAL,MIL,ÚLTIMO,3.10.01,Lucro/Prejuízo Líquido das Operações Descontinuadas,0,NA,dfp_cia_aberta_DRE_con_2024.csv
33.592.510/0001-54,4170,2024-12-31,2024-01-01,2024-12-31,VALE S.A.,3,DF Consolidado - Demonstração do Resultado,REAL,MIL,ÚLTIMO,3.10.02,Ganhos/Perdas Líquidas sobre Ativos de Operações Descontinuadas,0,NA,dfp_cia_aberta_DRE_con_2024.csv
33.592.510/0001-54,4170,2024-12-31,2024-01-01,2024-12-31,VALE S.A.,3,DF Consolidado - Demonstração do Resultado,REAL,MIL,ÚLTIMO,3.11,Lucro/Prejuízo Consolidado do Período,30431000,NA,dfp_cia_aberta_DRE_con_2024.csv
33.592.510/0001-54,4170,2024-12-31,2024-01-01,2024-12-31,VALE S.A.,3,DF Consolidado - Demonstração do Resultado,REAL,MIL,ÚLTIMO,3.11.01,Atribuído a Sócios da Empresa Controladora,31592000,NA,dfp_cia_aberta_DRE_con_2024.csv
33.592.510/0001-54,4170,2024-12-31,2024-01-01,2024-12-31,VALE S.A.,3,DF Consolidado - Demonstração do Resultado,REAL,MIL,ÚLTIMO,3.11.02,Atribuído a Sócios Não Controladores,-1161000,NA,dfp_cia_aberta_DRE_con_2024.csv
33.592.510/0001-54,4170,2024-12-31,2024-01-01,2024-12-31,VALE S.A.,3,DF Consolidado - Demonstração do Resultado,REAL,MIL,ÚLTIMO,3.99,Lucro por Ação - (Reais / Ação),0,NA,dfp_cia_aberta_DRE_con_2024.csv
33.592.510/0001-54,4170,2024-12-31,2024-01-01,2024-12-31,VALE S.A.,3,DF Consolidado - Demonstração do Resultado,REAL,MIL,ÚLTIMO,3.99.01,Lucro Básico por Ação,0,NA,dfp_cia_aberta_DRE_con_2024.csv
33.592.510/0001-54,4170,2024-12-31,2024-01-01,2024-12-31,VALE S.A.,3,DF Consolidado - Demonstração do Resultado,REAL,MIL,ÚLTIMO,3.99.01.01,PNA,0,NA,dfp_cia_aberta_DRE_con_2024.csv
33.592.510/0001-54,4170,2024-12-31,2024-01-01,2024-12-31,VALE S.A.,3,DF Consolidado - Demonstração do Resultado,REAL,MIL,ÚLTIMO,3.99.01.02,ON,7.39,NA,dfp_cia_aberta_DRE_con_2024.csv
33.592.510/0001-54,4170,2024-12-31,2024-01-01,2024-12-31,VALE S.A.,3,DF Consolidado - Demonstração do Resultado,REAL,MIL,ÚLTIMO,3.99.02,Lucro Diluído por Ação,0,NA,dfp_cia_aberta_DRE_con_2024.csv
33.592.510/0001-54,4170,2024-12-31,2024-01-01,2024-12-31,VALE S.A.,3,DF Consolidado - Demonstração do Resultado,REAL,MIL,ÚLTIMO,3.99.02.01,PNA,0,NA,dfp_cia_aberta_DRE_con_2024.csv
33.592.510/0001-54,4170,2024-12-31,2024-01-01,2024-12-31,VALE S.A.,3,DF Consolidado - Demonstração do Resultado,REAL,MIL,ÚLTIMO,3.99.02.02,ON,7.38,NA,dfp_cia_aberta_DRE_con_2024.csv
